country,ISOcode,cases,deaths,popdata2018,popdata2018_log,cases_log,deaths_log,ccode,country_name,country_id,v2x_polyarchy,v2x_libdem,v2x_partipdem
Aruba,ABW,92,0,105845,5.0246744,1.968483,0,,Palestine/Gaza,138,.13,.078000002,.111
Aruba,ABW,92,0,105845,5.0246744,1.968483,0,,Somaliland,139,.44100001,.26499999,.285
Aruba,ABW,92,0,105845,5.0246744,1.968483,0,,Hong Kong,167,.31799999,.255,.117
Aruba,ABW,92,0,105845,5.0246744,1.968483,0,,Palestine/West Bank,128,.28299999,.20999999,.20100001
Afghanistan,AFG,714,23,37172386,7.5702205,2.854306,1.3802112,700,Afghanistan,36,.347,.212,.16
Angola,AGO,19,2,30809762,7.4886885,1.30103,.47712126,540,Angola,104,.38600001,.23,.105
Albania,ALB,475,24,2866376,6.4573331,2.6776071,1.39794,339,Albania,12,.48100001,.43099999,.28400001
United_Arab_Emirates,ARE,4933,28,9630959,6.9836698,3.6931992,1.4623981,,Palestine/Gaza,138,.13,.078000002,.111
United_Arab_Emirates,ARE,4933,28,9630959,6.9836698,3.6931992,1.4623981,,Somaliland,139,.44100001,.26499999,.285
United_Arab_Emirates,ARE,4933,28,9630959,6.9836698,3.6931992,1.4623981,,Palestine/West Bank,128,.28299999,.20999999,.20100001
United_Arab_Emirates,ARE,4933,28,9630959,6.9836698,3.6931992,1.4623981,,Hong Kong,167,.31799999,.255,.117
Argentina,ARG,2432,105,44494502,7.6483064,3.386142,2.0253057,160,Argentina,37,.81199998,.63099998,.52700001
Armenia,ARM,1111,17,2951776,6.4700837,3.0461047,1.2552725,371,Armenia,105,.80500001,.64099997,.53200001
Antigua_and_Barbuda,ATG,23,2,96286,4.9835677,1.3802112,.47712126,,Hong Kong,167,.31799999,.255,.117
Antigua_and_Barbuda,ATG,23,2,96286,4.9835677,1.3802112,.47712126,,Palestine/Gaza,138,.13,.078000002,.111
Antigua_and_Barbuda,ATG,23,2,96286,4.9835677,1.3802112,.47712126,,Palestine/West Bank,128,.28299999,.20999999,.20100001
Antigua_and_Barbuda,ATG,23,2,96286,4.9835677,1.3802112,.47712126,,Somaliland,139,.44100001,.26499999,.285
Australia,AUS,6416,61,24992369,7.3978076,3.807332,1.7923917,900,Australia,67,.838,.78899997,.602
Austria,AUT,14234,384,8847037,6.9467978,4.1533575,2.5854607,305,Austria,144,.80900002,.72100002,.588
Azerbaijan,AZE,1197,13,9942334,6.9974885,3.0784569,1.1461281,373,Azerbaijan,106,.206,.07,.071999997
Burundi,BDI,5,1,11175378,7.0482621,.77815127,.30103001,516,Burundi,69,.162,.059,.12800001
Belgium,BEL,31119,4157,11422068,7.057745,4.4930396,3.6188846,211,Belgium,148,.88200003,.82200003,.61900002
Benin,BEN,35,1,11485048,7.060133,1.5563025,.30103001,434,Benin,52,.60299999,.461,.38800001
Burkina_Faso,BFA,528,30,19751535,7.2956009,2.7234557,1.4913617,,Palestine/West Bank,128,.28299999,.20999999,.20100001
Burkina_Faso,BFA,528,30,19751535,7.2956009,2.7234557,1.4913617,,Hong Kong,167,.31799999,.255,.117
Burkina_Faso,BFA,528,30,19751535,7.2956009,2.7234557,1.4913617,,Palestine/Gaza,138,.13,.078000002,.111
Burkina_Faso,BFA,528,30,19751535,7.2956009,2.7234557,1.4913617,,Somaliland,139,.44100001,.26499999,.285
Bangladesh,BGD,1012,46,161356039,8.2077856,3.0056095,1.6720978,771,Bangladesh,24,.27900001,.1,.175
Bulgaria,BGR,713,35,7024216,6.8465981,2.8536983,1.5563025,355,Bulgaria,152,.58700001,.48800001,.43000001
Bahrain,BHR,1528,7,1569439,6.1957445,3.1844075,.90309,692,Bahrain,146,.118,.050000001,.043000001
Bosnia_and_Herzegovina,BIH,1073,39,3323929,6.5216517,3.0310042,1.60206,,Hong Kong,167,.31799999,.255,.117
Bosnia_and_Herzegovina,BIH,1073,39,3323929,6.5216517,3.0310042,1.60206,,Somaliland,139,.44100001,.26499999,.285
Bosnia_and_Herzegovina,BIH,1073,39,3323929,6.5216517,3.0310042,1.60206,,Palestine/Gaza,138,.13,.078000002,.111
Bosnia_and_Herzegovina,BIH,1073,39,3323929,6.5216517,3.0310042,1.60206,,Palestine/West Bank,128,.28299999,.20999999,.20100001
Belarus,BLR,3281,33,9485386,6.9770551,3.5161386,1.5314789,370,Belarus,107,.257,.115,.1
Bermuda,BMU,57,5,63968,4.8059697,1.763428,.77815127,,Palestine/West Bank,128,.28299999,.20999999,.20100001
Bermuda,BMU,57,5,63968,4.8059697,1.763428,.77815127,,Palestine/Gaza,138,.13,.078000002,.111
Bermuda,BMU,57,5,63968,4.8059697,1.763428,.77815127,,Somaliland,139,.44100001,.26499999,.285
Bermuda,BMU,57,5,63968,4.8059697,1.763428,.77815127,,Hong Kong,167,.31799999,.255,.117
Bolivia,BOL,397,28,11353142,7.0551162,2.5998831,1.4623981,145,Bolivia,25,.537,.30599999,.40099999
Brazil,BRA,25262,1532,209469333,8.3211203,4.4024849,3.1855421,140,Brazil,19,.67400002,.50800002,.43900001
Barbados,BRB,73,5,286641,5.4573398,1.8692317,.77815127,53,Barbados,147,.82200003,.72600001,.373
Brunei_Darussalam,BRN,136,1,428962,5.6324201,2.1367207,.30103001,,Somaliland,139,.44100001,.26499999,.285
Brunei_Darussalam,BRN,136,1,428962,5.6324201,2.1367207,.30103001,,Palestine/Gaza,138,.13,.078000002,.111
Brunei_Darussalam,BRN,136,1,428962,5.6324201,2.1367207,.30103001,,Palestine/West Bank,128,.28299999,.20999999,.20100001
Brunei_Darussalam,BRN,136,1,428962,5.6324201,2.1367207,.30103001,,Hong Kong,167,.31799999,.255,.117
Bhutan,BTN,5,0,754394,5.8775988,.77815127,0,760,Bhutan,53,.55800003,.493,.34999999
Botswana,BWA,13,1,2254126,6.3529782,1.1461281,.30103001,571,Botswana,68,.66799998,.55000001,.41600001
Central_African_Republic,CAF,11,0,4666377,6.6689801,1.0791812,0,,Hong Kong,167,.31799999,.255,.117
Central_African_Republic,CAF,11,0,4666377,6.6689801,1.0791812,0,,Palestine/West Bank,128,.28299999,.20999999,.20100001
Central_African_Republic,CAF,11,0,4666377,6.6689801,1.0791812,0,,Palestine/Gaza,138,.13,.078000002,.111
Central_African_Republic,CAF,11,0,4666377,6.6689801,1.0791812,0,,Somaliland,139,.44100001,.26499999,.285
Canada,CAN,27046,903,37058856,7.568892,4.4321189,2.9561684,20,Canada,66,.866,.77600002,.61900002
Switzerland,CHE,25753,900,8516543,6.9302635,4.4108448,2.9547248,225,Switzerland,6,.87300003,.82700002,.77600002
Chile,CHL,7917,92,18729160,7.2725182,3.8986156,1.968483,155,Chile,72,.773,.76200002,.51899999
China,CHN,83352,3346,1392730000,9.1438665,4.9209213,3.5246558,710,China,110,.082999997,.050000001,.046999998
Cote_dIvoire,CIV,626,6,25069229,7.3991408,2.7972674,.84509802,,Somaliland,139,.44100001,.26499999,.285
Cote_dIvoire,CIV,626,6,25069229,7.3991408,2.7972674,.84509802,,Hong Kong,167,.31799999,.255,.117
Cote_dIvoire,CIV,626,6,25069229,7.3991408,2.7972674,.84509802,,Palestine/Gaza,138,.13,.078000002,.111
Cote_dIvoire,CIV,626,6,25069229,7.3991408,2.7972674,.84509802,,Palestine/West Bank,128,.28299999,.20999999,.20100001
Cameroon,CMR,855,17,25216237,7.4016805,2.9324737,1.2552725,471,Cameroon,108,.294,.145,.108
Democratic_Republic_of_the_Congo,COD,254,21,84068091,7.9246311,2.4065402,1.3424227,,Palestine/West Bank,128,.28299999,.20999999,.20100001
Democratic_Republic_of_the_Congo,COD,254,21,84068091,7.9246311,2.4065402,1.3424227,,Palestine/Gaza,138,.13,.078000002,.111
Democratic_Republic_of_the_Congo,COD,254,21,84068091,7.9246311,2.4065402,1.3424227,,Hong Kong,167,.31799999,.255,.117
Democratic_Republic_of_the_Congo,COD,254,21,84068091,7.9246311,2.4065402,1.3424227,,Somaliland,139,.44100001,.26499999,.285
Congo,COG,74,5,5244363,6.7196927,1.8750613,.77815127,484,Republic of the Congo,112,.249,.098999999,.186
Colombia,COL,2979,127,49648685,7.6959076,3.4742162,2.1072099,100,Colombia,15,.667,.50300002,.45500001
Cape_Verde,CPV,11,1,543767,5.7354136,1.0791812,.30103001,,Somaliland,139,.44100001,.26499999,.285
Cape_Verde,CPV,11,1,543767,5.7354136,1.0791812,.30103001,,Palestine/Gaza,138,.13,.078000002,.111
Cape_Verde,CPV,11,1,543767,5.7354136,1.0791812,.30103001,,Hong Kong,167,.31799999,.255,.117
Cape_Verde,CPV,11,1,543767,5.7354136,1.0791812,.30103001,,Palestine/West Bank,128,.28299999,.20999999,.20100001
Costa_Rica,CRI,618,3,4999441,6.6989217,2.7916906,.60206002,,Somaliland,139,.44100001,.26499999,.285
Costa_Rica,CRI,618,3,4999441,6.6989217,2.7916906,.60206002,,Palestine/Gaza,138,.13,.078000002,.111
Costa_Rica,CRI,618,3,4999441,6.6989217,2.7916906,.60206002,,Palestine/West Bank,128,.28299999,.20999999,.20100001
Costa_Rica,CRI,618,3,4999441,6.6989217,2.7916906,.60206002,,Hong Kong,167,.31799999,.255,.117
Cuba,CUB,766,21,11338138,7.0545416,2.8847954,1.3424227,40,Cuba,155,.20299999,.090000004,.133
CuraÃÂ§ao,CUW,14,1,159849,5.2037125,1.1760913,.30103001,,Hong Kong,167,.31799999,.255,.117
CuraÃÂ§ao,CUW,14,1,159849,5.2037125,1.1760913,.30103001,,Somaliland,139,.44100001,.26499999,.285
CuraÃÂ§ao,CUW,14,1,159849,5.2037125,1.1760913,.30103001,,Palestine/Gaza,138,.13,.078000002,.111
CuraÃÂ§ao,CUW,14,1,159849,5.2037125,1.1760913,.30103001,,Palestine/West Bank,128,.28299999,.20999999,.20100001
Cayman_Islands,CYM,54,1,64174,4.8073659,1.7403626,.30103001,,Hong Kong,167,.31799999,.255,.117
Cayman_Islands,CYM,54,1,64174,4.8073659,1.7403626,.30103001,,Palestine/Gaza,138,.13,.078000002,.111
Cayman_Islands,CYM,54,1,64174,4.8073659,1.7403626,.30103001,,Somaliland,139,.44100001,.26499999,.285
Cayman_Islands,CYM,54,1,64174,4.8073659,1.7403626,.30103001,,Palestine/West Bank,128,.28299999,.20999999,.20100001
Cyprus,CYP,695,17,1189265,6.0752792,2.8426092,1.2552725,352,Cyprus,156,.83999997,.70999998,.54100001
Czechia,CZE,6141,161,10625695,7.0263572,3.7883098,2.2095151,,Hong Kong,167,.31799999,.255,.117
Czechia,CZE,6141,161,10625695,7.0263572,3.7883098,2.2095151,,Palestine/Gaza,138,.13,.078000002,.111
Czechia,CZE,6141,161,10625695,7.0263572,3.7883098,2.2095151,,Somaliland,139,.44100001,.26499999,.285
Czechia,CZE,6141,161,10625695,7.0263572,3.7883098,2.2095151,,Palestine/West Bank,128,.28299999,.20999999,.20100001
Djibouti,DJI,363,2,958920,5.9817829,2.5611014,.47712126,522,Djibouti,113,.259,.12800001,.163
Denmark,DNK,6511,299,5797446,6.763237,3.8137145,2.4771214,390,Denmark,158,.89999998,.85799998,.69
Dominican_Republic,DOM,3286,183,10627165,7.0264173,3.5167997,2.2648177,,Hong Kong,167,.31799999,.255,.117
Dominican_Republic,DOM,3286,183,10627165,7.0264173,3.5167997,2.2648177,,Palestine/Gaza,138,.13,.078000002,.111
Dominican_Republic,DOM,3286,183,10627165,7.0264173,3.5167997,2.2648177,,Palestine/West Bank,128,.28299999,.20999999,.20100001
Dominican_Republic,DOM,3286,183,10627165,7.0264173,3.5167997,2.2648177,,Somaliland,139,.44100001,.26499999,.285
Algeria,DZA,2070,326,42228429,7.6256051,3.31618,2.5145478,615,Algeria,103,.30000001,.119,.111
Ecuador,ECU,7603,355,17084357,7.2325988,3.881042,2.55145,130,Ecuador,75,.67299998,.50199997,.47299999
Egypt,EGY,2350,178,98423595,7.9930992,3.3712525,2.2528529,651,Egypt,13,.19,.126,.117
Eritrea,ERI,35,0,,,1.5563025,0,531,Eritrea,115,.071000002,.012,.016000001
Spain,ESP,172541,18056,46723749,7.6695375,5.2368946,4.2566457,230,Spain,96,.87599999,.815,.62599999
Estonia,EST,1373,31,1320884,6.1208649,3.1379867,1.50515,366,Estonia,161,.89200002,.83999997,.63999999
Ethiopia,ETH,82,3,109224559,8.0383205,1.9190781,.60206002,530,Ethiopia,38,.33000001,.176,.14
Finland,FIN,3161,64,5518050,6.7417855,3.4999619,1.8129133,375,Finland,163,.87,.81300002,.62099999
Fiji,FJI,16,0,883483,5.9461985,1.230449,0,950,Fiji,162,.465,.31,.21799999
France,FRA,103573,15729,66987244,7.8259921,5.0152507,4.1967287,220,France,76,.87900001,.78299999,.60900003
Faroe_Islands,FRO,184,0,48497,4.6857238,2.2671716,0,,Palestine/Gaza,138,.13,.078000002,.111
Faroe_Islands,FRO,184,0,48497,4.6857238,2.2671716,0,,Palestine/West Bank,128,.28299999,.20999999,.20100001
Faroe_Islands,FRO,184,0,48497,4.6857238,2.2671716,0,,Somaliland,139,.44100001,.26499999,.285
Faroe_Islands,FRO,184,0,48497,4.6857238,2.2671716,0,,Hong Kong,167,.31799999,.255,.117
Gabon,GAB,75,1,2119275,6.3261876,1.8808136,.30103001,481,Gabon,116,.36700001,.2,.26300001
United_Kingdom,GBR,93873,12107,66488991,7.8227496,4.9725451,4.0830722,,Palestine/Gaza,138,.13,.078000002,.111
United_Kingdom,GBR,93873,12107,66488991,7.8227496,4.9725451,4.0830722,,Palestine/West Bank,128,.28299999,.20999999,.20100001
United_Kingdom,GBR,93873,12107,66488991,7.8227496,4.9725451,4.0830722,,Somaliland,139,.44100001,.26499999,.285
United_Kingdom,GBR,93873,12107,66488991,7.8227496,4.9725451,4.0830722,,Hong Kong,167,.31799999,.255,.117
Georgia,GEO,300,3,3731000,6.5718255,2.4785664,.60206002,372,Georgia,118,.64200002,.50400001,.43399999
Guernsey,GGY,223,7,63026,4.7995267,2.3502481,.90309,,Somaliland,139,.44100001,.26499999,.285
Guernsey,GGY,223,7,63026,4.7995267,2.3502481,.90309,,Palestine/Gaza,138,.13,.078000002,.111
Guernsey,GGY,223,7,63026,4.7995267,2.3502481,.90309,,Palestine/West Bank,128,.28299999,.20999999,.20100001
Guernsey,GGY,223,7,63026,4.7995267,2.3502481,.90309,,Hong Kong,167,.31799999,.255,.117
Ghana,GHA,636,8,29767108,7.4737368,2.8041394,.95424253,452,Ghana,7,.71799999,.60799998,.338
Gibraltar,GIB,129,4,33718,4.5278745,2.1139433,.69897002,,Palestine/West Bank,128,.28299999,.20999999,.20100001
Gibraltar,GIB,129,4,33718,4.5278745,2.1139433,.69897002,,Somaliland,139,.44100001,.26499999,.285
Gibraltar,GIB,129,4,33718,4.5278745,2.1139433,.69897002,,Palestine/Gaza,138,.13,.078000002,.111
Gibraltar,GIB,129,4,33718,4.5278745,2.1139433,.69897002,,Hong Kong,167,.31799999,.255,.117
Guinea,GIN,363,0,12414318,7.0939231,2.5611014,0,438,Guinea,63,.442,.16599999,.20200001
Gambia,GMB,9,1,2280102,6.3579545,1,.30103001,420,The Gambia,117,.56800002,.45899999,.34900001
Guinea_Bissau,GNB,40,0,1874309,6.2728415,1.6127839,0,,Palestine/West Bank,128,.28299999,.20999999,.20100001
Guinea_Bissau,GNB,40,0,1874309,6.2728415,1.6127839,0,,Hong Kong,167,.31799999,.255,.117
Guinea_Bissau,GNB,40,0,1874309,6.2728415,1.6127839,0,,Somaliland,139,.44100001,.26499999,.285
Guinea_Bissau,GNB,40,0,1874309,6.2728415,1.6127839,0,,Palestine/Gaza,138,.13,.078000002,.111
Equatorial_Guinea,GNQ,41,0,1308974,6.1169314,1.6232493,0,,Hong Kong,167,.31799999,.255,.117
Equatorial_Guinea,GNQ,41,0,1308974,6.1169314,1.6232493,0,,Palestine/West Bank,128,.28299999,.20999999,.20100001
Equatorial_Guinea,GNQ,41,0,1308974,6.1169314,1.6232493,0,,Palestine/Gaza,138,.13,.078000002,.111
Equatorial_Guinea,GNQ,41,0,1308974,6.1169314,1.6232493,0,,Somaliland,139,.44100001,.26499999,.285
Greece,GRC,2170,101,10727668,7.0305052,3.3366599,2.0086002,350,Greece,164,.86000001,.76200002,.597
Greenland,GRL,11,0,56025,4.7483897,1.0791812,0,,Palestine/Gaza,138,.13,.078000002,.111
Greenland,GRL,11,0,56025,4.7483897,1.0791812,0,,Hong Kong,167,.31799999,.255,.117
Greenland,GRL,11,0,56025,4.7483897,1.0791812,0,,Palestine/West Bank,128,.28299999,.20999999,.20100001
Greenland,GRL,11,0,56025,4.7483897,1.0791812,0,,Somaliland,139,.44100001,.26499999,.285
Guatemala,GTM,180,5,17247807,7.2367339,2.2576785,.77815127,90,Guatemala,78,.59399998,.396,.37
Guam,GUM,135,5,165768,5.2195034,2.133539,.77815127,,Palestine/Gaza,138,.13,.078000002,.111
Guam,GUM,135,5,165768,5.2195034,2.133539,.77815127,,Somaliland,139,.44100001,.26499999,.285
Guam,GUM,135,5,165768,5.2195034,2.133539,.77815127,,Palestine/West Bank,128,.28299999,.20999999,.20100001
Guam,GUM,135,5,165768,5.2195034,2.133539,.77815127,,Hong Kong,167,.31799999,.255,.117
Guyana,GUY,48,6,779004,5.8915401,1.690196,.84509802,110,Guyana,166,.67299998,.421,.419
Honduras,HND,419,31,9587522,6.9817066,2.6232493,1.50515,91,Honduras,27,.36000001,.19499999,.23999999
Croatia,HRV,1704,31,4089400,6.6116595,3.2317245,1.50515,344,Croatia,154,.68699998,.54500002,.49000001
Haiti,HTI,40,3,11123176,7.0462289,1.6127839,.60206002,41,Haiti,26,.449,.23899999,.25400001
Hungary,HUN,1579,134,9768785,6.9898405,3.198657,2.1303337,310,Hungary,210,.48500001,.40200001,.32800001
Indonesia,IDN,4839,459,267663435,8.4275894,3.6848454,2.6627579,850,Indonesia,56,.63599998,.49399999,.41499999
Isle_of_Man,IMN,242,2,84077,4.9246821,2.3856063,.47712126,,Palestine/Gaza,138,.13,.078000002,.111
Isle_of_Man,IMN,242,2,84077,4.9246821,2.3856063,.47712126,,Hong Kong,167,.31799999,.255,.117
Isle_of_Man,IMN,242,2,84077,4.9246821,2.3856063,.47712126,,Somaliland,139,.44100001,.26499999,.285
Isle_of_Man,IMN,242,2,84077,4.9246821,2.3856063,.47712126,,Palestine/West Bank,128,.28299999,.20999999,.20100001
India,IND,11438,377,1352617328,9.131175,4.0583882,2.5774918,750,India,39,.50700003,.36399999,.30700001
Ireland,IRL,11479,406,4853506,6.6860557,4.0599418,2.6095943,205,Ireland,81,.86400002,.79900002,.611
Iran,IRN,74877,4683,81800269,7.9127545,4.8743544,3.6706169,630,Iran,79,.21699999,.14399999,.052999999
Iraq,IRQ,1400,78,38433600,7.5847111,3.1464381,1.8976271,645,Iraq,80,.398,.23999999,.26800001
Iceland,ISL,1720,8,353574,5.5484815,3.235781,.95424253,395,Iceland,168,.85000002,.76499999,.62400001
Israel,ISR,12046,123,8883800,6.9485989,4.0808787,2.0934217,666,Israel,169,.667,.574,.428
Italy,ITA,162488,21069,60431283,7.7812619,5.210824,4.3236647,325,Italy,82,.86000001,.77200001,.67299998
Jamaica,JAM,105,5,2934855,6.467587,2.0253057,.77815127,51,Jamaica,120,.81,.69,.55900002
Jersey,JEY,217,4,106800,5.0285754,2.3384564,.69897002,,Hong Kong,167,.31799999,.255,.117
Jersey,JEY,217,4,106800,5.0285754,2.3384564,.69897002,,Palestine/West Bank,128,.28299999,.20999999,.20100001
Jersey,JEY,217,4,106800,5.0285754,2.3384564,.69897002,,Palestine/Gaza,138,.13,.078000002,.111
Jersey,JEY,217,4,106800,5.0285754,2.3384564,.69897002,,Somaliland,139,.44100001,.26499999,.285
Jordan,JOR,397,7,9956011,6.9980855,2.5998831,.90309,663,Jordan,83,.27599999,.25400001,.14300001
Japan,JPN,8100,119,126529100,8.10219,3.9085386,2.0791812,740,Japan,9,.81999999,.736,.51999998
Kazakhstan,KAZ,1267,14,18276499,7.2618928,3.1031191,1.1760913,705,Kazakhstan,121,.23100001,.116,.078000002
Kenya,KEN,216,9,51393010,7.7109041,2.3364596,1,501,Kenya,40,.42899999,.338,.26699999
Kyrgyzstan,KGZ,449,5,6315800,6.8004284,2.6532125,.77815127,703,Kyrgyzstan,122,.389,.315,.214
Cambodia,KHM,122,0,16249798,7.2108479,2.089905,0,811,Cambodia,55,.23800001,.088,.13500001
Saint_Kitts_and_Nevis,KNA,14,0,52441,4.7196794,1.1760913,0,,Palestine/West Bank,128,.28299999,.20999999,.20100001
Saint_Kitts_and_Nevis,KNA,14,0,52441,4.7196794,1.1760913,0,,Palestine/Gaza,138,.13,.078000002,.111
Saint_Kitts_and_Nevis,KNA,14,0,52441,4.7196794,1.1760913,0,,Hong Kong,167,.31799999,.255,.117
Saint_Kitts_and_Nevis,KNA,14,0,52441,4.7196794,1.1760913,0,,Somaliland,139,.44100001,.26499999,.285
South_Korea,KOR,10591,225,51635256,7.7129464,4.0249782,2.3541083,,Palestine/Gaza,138,.13,.078000002,.111
South_Korea,KOR,10591,225,51635256,7.7129464,4.0249782,2.3541083,,Palestine/West Bank,128,.28299999,.20999999,.20100001
South_Korea,KOR,10591,225,51635256,7.7129464,4.0249782,2.3541083,,Hong Kong,167,.31799999,.255,.117
South_Korea,KOR,10591,225,51635256,7.7129464,4.0249782,2.3541083,,Somaliland,139,.44100001,.26499999,.285
Kuwait,KWT,1355,3,4137309,6.6167183,3.1322596,.60206002,690,Kuwait,171,.31600001,.29499999,.124
Laos,LAO,19,0,7061507,6.8488975,1.30103,0,812,Laos,123,.122,.094999999,.104
Lebanon,LBN,641,21,6848925,6.8356223,2.8075349,1.3424227,660,Lebanon,44,.465,.28999999,.27599999
Liberia,LBR,59,6,4818977,6.6829548,1.7781513,.84509802,450,Liberia,86,.625,.426,.27000001
Libya,LBY,35,1,6678567,6.8246832,1.5563025,.30103001,620,Libya,124,.25,.156,.119
Saint_Lucia,LCA,15,0,181889,5.259809,1.20412,0,,Palestine/Gaza,138,.13,.078000002,.111
Saint_Lucia,LCA,15,0,181889,5.259809,1.20412,0,,Somaliland,139,.44100001,.26499999,.285
Saint_Lucia,LCA,15,0,181889,5.259809,1.20412,0,,Hong Kong,167,.31799999,.255,.117
Saint_Lucia,LCA,15,0,181889,5.259809,1.20412,0,,Palestine/West Bank,128,.28299999,.20999999,.20100001
Sri_Lanka,LKA,233,7,21670000,7.3358588,2.369216,.90309,,Somaliland,139,.44100001,.26499999,.285
Sri_Lanka,LKA,233,7,21670000,7.3358588,2.369216,.90309,,Palestine/Gaza,138,.13,.078000002,.111
Sri_Lanka,LKA,233,7,21670000,7.3358588,2.369216,.90309,,Palestine/West Bank,128,.28299999,.20999999,.20100001
Sri_Lanka,LKA,233,7,21670000,7.3358588,2.369216,.90309,,Hong Kong,167,.31799999,.255,.117
Lithuania,LTU,1070,24,2789533,6.4455318,3.0297894,1.39794,368,Lithuania,173,.80299997,.73199999,.62300003
Luxembourg,LUX,3307,67,607728,5.78371,3.5195656,1.8325089,212,Luxembourg,174,.87900001,.787,.47299999
Latvia,LVA,657,5,1926542,6.2847786,2.8182259,.77815127,367,Latvia,84,.81099999,.71200001,.57099998
Morocco,MAR,1888,126,36029138,7.556654,3.276232,2.1038036,600,Morocco,90,.28999999,.25600001,.215
Moldova,MDA,1934,40,3545883,6.5497246,3.2866809,1.6127839,359,Moldova,126,.58600003,.44499999,.36000001
Madagascar,MDG,108,0,26262368,7.4193339,2.0374265,0,580,Madagascar,125,.49599999,.31299999,.25799999
Maldives,MDV,21,0,515696,5.7123947,1.3424227,0,781,Maldives,88,.49000001,.32600001,.28999999
Mexico,MEX,5399,406,126190788,8.1010275,3.7323937,2.6095943,70,Mexico,3,.70999998,.486,.414
North_Macedonia,MKD,908,44,2082958,6.3186808,2.9585638,1.6532125,,Hong Kong,167,.31799999,.255,.117
North_Macedonia,MKD,908,44,2082958,6.3186808,2.9585638,1.6532125,,Palestine/Gaza,138,.13,.078000002,.111
North_Macedonia,MKD,908,44,2082958,6.3186808,2.9585638,1.6532125,,Palestine/West Bank,128,.28299999,.20999999,.20100001
North_Macedonia,MKD,908,44,2082958,6.3186808,2.9585638,1.6532125,,Somaliland,139,.44100001,.26499999,.285
Mali,MLI,144,13,19077690,7.2805257,2.1613679,1.1461281,432,Mali,28,.46700001,.30899999,.26699999
Malta,MLT,393,3,483530,5.6844244,2.5954962,.60206002,338,Malta,178,.75700003,.56,.55299997
Myanmar,MMR,74,4,53708395,7.730042,1.8750613,.69897002,775,Burma/Myanmar,10,.40599999,.24600001,.27399999
Montenegro,MNE,283,4,622345,5.7940321,2.4533184,.69897002,341,Montenegro,183,.45500001,.34900001,.30199999
Mongolia,MNG,30,0,3170208,6.5010877,1.4913617,0,712,Mongolia,89,.68300003,.52200001,.405
Northern_Mariana_Islands,MNP,13,2,56882,4.7549825,1.1461281,.47712126,,Hong Kong,167,.31799999,.255,.117
Northern_Mariana_Islands,MNP,13,2,56882,4.7549825,1.1461281,.47712126,,Palestine/West Bank,128,.28299999,.20999999,.20100001
Northern_Mariana_Islands,MNP,13,2,56882,4.7549825,1.1461281,.47712126,,Palestine/Gaza,138,.13,.078000002,.111
Northern_Mariana_Islands,MNP,13,2,56882,4.7549825,1.1461281,.47712126,,Somaliland,139,.44100001,.26499999,.285
Mozambique,MOZ,28,0,29495962,7.4697628,1.4623981,0,541,Mozambique,57,.40900001,.26899999,.257
Mauritania,MRT,7,1,4403319,6.6437802,.90309,.30103001,435,Mauritania,65,.368,.161,.24699999
Montserrat,MSR,11,0,5900,3.7709255,1.0791812,0,,Palestine/Gaza,138,.13,.078000002,.111
Montserrat,MSR,11,0,5900,3.7709255,1.0791812,0,,Somaliland,139,.44100001,.26499999,.285
Montserrat,MSR,11,0,5900,3.7709255,1.0791812,0,,Palestine/West Bank,128,.28299999,.20999999,.20100001
Montserrat,MSR,11,0,5900,3.7709255,1.0791812,0,,Hong Kong,167,.31799999,.255,.117
Mauritius,MUS,324,9,1265303,6.1021948,2.5118833,1,590,Mauritius,180,.81800002,.71399999,.52499998
Malawi,MWI,16,2,18143315,7.2587166,1.230449,.47712126,553,Malawi,87,.5,.42399999,.31299999
Malaysia,MYS,4987,82,31528585,7.4987044,3.6979265,1.9190781,820,Malaysia,177,.46599999,.32800001,.28799999
Cases_on_an_international_conveyance_Japan,N/A,696,7,3000,3.4772661,2.8432329,.90309,,Palestine/Gaza,138,.13,.078000002,.111
Cases_on_an_international_conveyance_Japan,N/A,696,7,3000,3.4772661,2.8432329,.90309,,Palestine/West Bank,128,.28299999,.20999999,.20100001
Cases_on_an_international_conveyance_Japan,N/A,696,7,3000,3.4772661,2.8432329,.90309,,Hong Kong,167,.31799999,.255,.117
Cases_on_an_international_conveyance_Japan,N/A,696,7,3000,3.4772661,2.8432329,.90309,,Somaliland,139,.44100001,.26499999,.285
Namibia,NAM,16,0,2448255,6.3888569,1.230449,0,565,Namibia,127,.69999999,.56800002,.428
New_Caledonia,NCL,18,0,284060,5.4534116,1.2787536,0,,Hong Kong,167,.31799999,.255,.117
New_Caledonia,NCL,18,0,284060,5.4534116,1.2787536,0,,Palestine/West Bank,128,.28299999,.20999999,.20100001
New_Caledonia,NCL,18,0,284060,5.4534116,1.2787536,0,,Somaliland,139,.44100001,.26499999,.285
New_Caledonia,NCL,18,0,284060,5.4534116,1.2787536,0,,Palestine/Gaza,138,.13,.078000002,.111
Niger,NER,570,14,22442948,7.3510799,2.7566361,1.1760913,436,Niger,60,.45699999,.34400001,.30199999
Nigeria,NGA,373,11,195874740,8.2919788,2.5728717,1.0791812,475,Nigeria,45,.498,.33899999,.33000001
Nicaragua,NIC,12,1,6465513,6.8106031,1.1139433,.30103001,93,Nicaragua,59,.245,.057999998,.16
Netherlands,NLD,27419,2945,17231017,7.236311,4.4380674,3.4692328,210,Netherlands,91,.82999998,.78399998,.56800002
Norway,NOR,6566,127,5314336,6.7254491,3.8173671,2.1072099,385,Norway,186,.87400001,.82499999,.62099999
Nepal,NPL,16,0,28087871,7.4485188,1.230449,0,790,Nepal,58,.60500002,.46399999,.391
New_Zealand,NZL,1078,9,4885500,6.6889091,3.0330215,1,,Somaliland,139,.44100001,.26499999,.285
New_Zealand,NZL,1078,9,4885500,6.6889091,3.0330215,1,,Palestine/West Bank,128,.28299999,.20999999,.20100001
New_Zealand,NZL,1078,9,4885500,6.6889091,3.0330215,1,,Palestine/Gaza,138,.13,.078000002,.111
New_Zealand,NZL,1078,9,4885500,6.6889091,3.0330215,1,,Hong Kong,167,.31799999,.255,.117
Oman,OMN,910,4,4829483,6.6839008,2.9595184,.69897002,698,Oman,187,.185,.14300001,.117
Pakistan,PAK,5988,107,212215030,8.3267765,3.7773542,2.0334237,770,Pakistan,29,.35100001,.211,.17200001
Panama,PAN,3574,95,4176873,6.6208515,3.5532761,1.9822712,95,Panama,92,.78299999,.59200001,.50300002
Peru,PER,10303,230,31989256,7.5050039,4.0130057,2.3636119,135,Peru,30,.78399998,.67400002,.54900002
Philippines,PHL,5223,335,106651922,8.0279684,3.7180033,2.5263393,840,Philippines,46,.47999999,.28600001,.32499999
Papua_New_Guinea,PNG,2,0,8606316,6.9348173,.47712126,0,,Palestine/West Bank,128,.28299999,.20999999,.20100001
Papua_New_Guinea,PNG,2,0,8606316,6.9348173,.47712126,0,,Palestine/Gaza,138,.13,.078000002,.111
Papua_New_Guinea,PNG,2,0,8606316,6.9348173,.47712126,0,,Hong Kong,167,.31799999,.255,.117
Papua_New_Guinea,PNG,2,0,8606316,6.9348173,.47712126,0,,Somaliland,139,.44100001,.26499999,.285
Poland,POL,7202,263,37978548,7.5795383,3.8575134,2.4216039,290,Poland,17,.69199997,.5,.48100001
Puerto_Rico,PRI,923,45,3195153,6.5044918,2.965672,1.6627579,,Palestine/Gaza,138,.13,.078000002,.111
Puerto_Rico,PRI,923,45,3195153,6.5044918,2.965672,1.6627579,,Hong Kong,167,.31799999,.255,.117
Puerto_Rico,PRI,923,45,3195153,6.5044918,2.965672,1.6627579,,Somaliland,139,.44100001,.26499999,.285
Puerto_Rico,PRI,923,45,3195153,6.5044918,2.965672,1.6627579,,Palestine/West Bank,128,.28299999,.20999999,.20100001
Portugal,PRT,17448,567,10281762,7.0120678,4.2417707,2.7543483,235,Portugal,21,.87,.81699997,.602
Paraguay,PRY,161,8,6956071,6.8423638,2.2095151,.95424253,150,Paraguay,189,.60100001,.42699999,.39199999
Palestine,PSE,287,2,4569087,6.6598296,2.4593925,.47712126,,Somaliland,139,.44100001,.26499999,.285
Palestine,PSE,287,2,4569087,6.6598296,2.4593925,.47712126,,Palestine/Gaza,138,.13,.078000002,.111
Palestine,PSE,287,2,4569087,6.6598296,2.4593925,.47712126,,Palestine/West Bank,128,.28299999,.20999999,.20100001
Palestine,PSE,287,2,4569087,6.6598296,2.4593925,.47712126,,Hong Kong,167,.31799999,.255,.117
French_Polynesia,PYF,55,0,277679,5.4435444,1.748188,0,,Palestine/Gaza,138,.13,.078000002,.111
French_Polynesia,PYF,55,0,277679,5.4435444,1.748188,0,,Palestine/West Bank,128,.28299999,.20999999,.20100001
French_Polynesia,PYF,55,0,277679,5.4435444,1.748188,0,,Hong Kong,167,.31799999,.255,.117
French_Polynesia,PYF,55,0,277679,5.4435444,1.748188,0,,Somaliland,139,.44100001,.26499999,.285
Qatar,QAT,3428,7,2781677,6.4443069,3.5351675,.90309,694,Qatar,94,.090999998,.086000003,.028999999
Romania,ROU,6879,344,19473936,7.289454,3.8375885,2.5378191,360,Romania,190,.67900002,.43399999,.46000001
Russia,RUS,21102,170,144478050,8.1598015,4.3243442,2.2329962,365,Russia,11,.24600001,.098999999,.162
Rwanda,RWA,134,0,12301939,7.0899734,2.1303337,0,517,Rwanda,129,.259,.154,.19400001
Saudi_Arabia,SAU,5369,73,33699947,7.5276294,3.7299743,1.8692317,,Palestine/West Bank,128,.28299999,.20999999,.20100001
Saudi_Arabia,SAU,5369,73,33699947,7.5276294,3.7299743,1.8692317,,Hong Kong,167,.31799999,.255,.117
Saudi_Arabia,SAU,5369,73,33699947,7.5276294,3.7299743,1.8692317,,Somaliland,139,.44100001,.26499999,.285
Saudi_Arabia,SAU,5369,73,33699947,7.5276294,3.7299743,1.8692317,,Palestine/Gaza,138,.13,.078000002,.111
Sudan,SDN,32,5,41801533,7.6211925,1.5185139,.77815127,625,Sudan,33,.213,.086999997,.101
Senegal,SEN,299,2,15854360,7.2001486,2.4771214,.47712126,433,Senegal,31,.708,.56099999,.37099999
Singapore,SGP,3252,10,5638676,6.7511773,3.512284,1.0413927,830,Singapore,200,.398,.345,.115
Sierra_Leone,SLE,11,0,7650154,6.8836703,1.0791812,0,,Palestine/Gaza,138,.13,.078000002,.111
Sierra_Leone,SLE,11,0,7650154,6.8836703,1.0791812,0,,Palestine/West Bank,128,.28299999,.20999999,.20100001
Sierra_Leone,SLE,11,0,7650154,6.8836703,1.0791812,0,,Hong Kong,167,.31799999,.255,.117
Sierra_Leone,SLE,11,0,7650154,6.8836703,1.0791812,0,,Somaliland,139,.44100001,.26499999,.285
El_Salvador,SLV,159,6,6420744,6.8075852,2.2041199,.84509802,,Palestine/West Bank,128,.28299999,.20999999,.20100001
El_Salvador,SLV,159,6,6420744,6.8075852,2.2041199,.84509802,,Palestine/Gaza,138,.13,.078000002,.111
El_Salvador,SLV,159,6,6420744,6.8075852,2.2041199,.84509802,,Somaliland,139,.44100001,.26499999,.285
El_Salvador,SLV,159,6,6420744,6.8075852,2.2041199,.84509802,,Hong Kong,167,.31799999,.255,.117
San_Marino,SMR,372,36,33785,4.5287366,2.5717089,1.5682018,,Palestine/West Bank,128,.28299999,.20999999,.20100001
San_Marino,SMR,372,36,33785,4.5287366,2.5717089,1.5682018,,Palestine/Gaza,138,.13,.078000002,.111
San_Marino,SMR,372,36,33785,4.5287366,2.5717089,1.5682018,,Somaliland,139,.44100001,.26499999,.285
San_Marino,SMR,372,36,33785,4.5287366,2.5717089,1.5682018,,Hong Kong,167,.31799999,.255,.117
Somalia,SOM,60,2,15008154,7.1763272,1.7853298,.47712126,520,Somalia,130,.161,.102,.094999999
Serbia,SRB,4054,84,6982084,6.8439851,3.6079907,1.9294189,345,Serbia,198,.359,.25400001,.244
South_Sudan,SSD,4,0,10975920,7.040441,.69897002,0,,Palestine/Gaza,138,.13,.078000002,.111
South_Sudan,SSD,4,0,10975920,7.040441,.69897002,0,,Hong Kong,167,.31799999,.255,.117
South_Sudan,SSD,4,0,10975920,7.040441,.69897002,0,,Palestine/West Bank,128,.28299999,.20999999,.20100001
South_Sudan,SSD,4,0,10975920,7.040441,.69897002,0,,Somaliland,139,.44100001,.26499999,.285
Sao_Tome_and_Principe,STP,4,0,211028,5.3243423,.69897002,0,,Palestine/West Bank,128,.28299999,.20999999,.20100001
Sao_Tome_and_Principe,STP,4,0,211028,5.3243423,.69897002,0,,Hong Kong,167,.31799999,.255,.117
Sao_Tome_and_Principe,STP,4,0,211028,5.3243423,.69897002,0,,Somaliland,139,.44100001,.26499999,.285
Sao_Tome_and_Principe,STP,4,0,211028,5.3243423,.69897002,0,,Palestine/Gaza,138,.13,.078000002,.111
Suriname,SUR,10,1,575991,5.7604165,1.0413927,.30103001,115,Suriname,4,.736,.55000001,.40900001
Slovakia,SVK,835,2,5447011,6.7361584,2.9222062,.47712126,317,Slovakia,201,.81300002,.71700001,.60900003
Slovenia,SVN,1220,56,2067372,6.3154187,3.0867157,1.7558749,349,Slovenia,202,.79699999,.71399999,.60600001
Sweden,SWE,11445,1033,10183175,7.0078831,4.0586538,3.0145206,380,Sweden,5,.87400001,.829,.61799997
Eswatini,SWZ,15,0,1367000,6.1357689,1.20412,0,,Somaliland,139,.44100001,.26499999,.285
Eswatini,SWZ,15,0,1367000,6.1357689,1.20412,0,,Hong Kong,167,.31799999,.255,.117
Eswatini,SWZ,15,0,1367000,6.1357689,1.20412,0,,Palestine/West Bank,128,.28299999,.20999999,.20100001
Eswatini,SWZ,15,0,1367000,6.1357689,1.20412,0,,Palestine/Gaza,138,.13,.078000002,.111
Sint_Maarten,SXM,52,9,41486,4.6179118,1.7242758,1,,Hong Kong,167,.31799999,.255,.117
Sint_Maarten,SXM,52,9,41486,4.6179118,1.7242758,1,,Somaliland,139,.44100001,.26499999,.285
Sint_Maarten,SXM,52,9,41486,4.6179118,1.7242758,1,,Palestine/Gaza,138,.13,.078000002,.111
Sint_Maarten,SXM,52,9,41486,4.6179118,1.7242758,1,,Palestine/West Bank,128,.28299999,.20999999,.20100001
Seychelles,SYC,11,0,96762,4.9857092,1.0791812,0,591,Seychelles,199,.56300002,.48199999,.208
Syria,SYR,29,2,16906283,7.2280483,1.4771212,.47712126,652,Syria,97,.145,.043000001,.066
Turks_and_Caicos_islands,TCA,10,1,31458,4.497745,1.0413927,.30103001,,Palestine/West Bank,128,.28299999,.20999999,.20100001
Turks_and_Caicos_islands,TCA,10,1,31458,4.497745,1.0413927,.30103001,,Hong Kong,167,.31799999,.255,.117
Turks_and_Caicos_islands,TCA,10,1,31458,4.497745,1.0413927,.30103001,,Palestine/Gaza,138,.13,.078000002,.111
Turks_and_Caicos_islands,TCA,10,1,31458,4.497745,1.0413927,.30103001,,Somaliland,139,.44100001,.26499999,.285
Chad,TCD,23,0,15477751,7.1897078,1.3802112,0,483,Chad,109,.27000001,.11,.171
Togo,TGO,77,3,7889094,6.897027,1.8920946,.60206002,461,Togo,134,.359,.17900001,.23100001
Thailand,THA,2643,43,69428524,7.841538,3.4222615,1.6434526,800,Thailand,49,.16599999,.152,.102
Timor_Leste,TLS,6,0,1267972,6.1031098,.84509802,0,,Palestine/Gaza,138,.13,.078000002,.111
Timor_Leste,TLS,6,0,1267972,6.1031098,.84509802,0,,Hong Kong,167,.31799999,.255,.117
Timor_Leste,TLS,6,0,1267972,6.1031098,.84509802,0,,Palestine/West Bank,128,.28299999,.20999999,.20100001
Timor_Leste,TLS,6,0,1267972,6.1031098,.84509802,0,,Somaliland,139,.44100001,.26499999,.285
Trinidad_and_Tobago,TTO,113,8,1389858,6.1429706,2.0569048,.95424253,,Hong Kong,167,.31799999,.255,.117
Trinidad_and_Tobago,TTO,113,8,1389858,6.1429706,2.0569048,.95424253,,Palestine/Gaza,138,.13,.078000002,.111
Trinidad_and_Tobago,TTO,113,8,1389858,6.1429706,2.0569048,.95424253,,Palestine/West Bank,128,.28299999,.20999999,.20100001
Trinidad_and_Tobago,TTO,113,8,1389858,6.1429706,2.0569048,.95424253,,Somaliland,139,.44100001,.26499999,.285
Tunisia,TUN,747,34,11565204,7.0631533,2.8739016,1.5440681,616,Tunisia,98,.72299999,.65499997,.44100001
Turkey,TUR,65111,1403,82319724,7.915504,4.8136611,3.147367,640,Turkey,99,.292,.101,.155
Taiwan,TWN,395,6,23780452,7.3762202,2.5976951,.84509802,713,Taiwan,48,.81099999,.69700003,.63099998
United_Republic_of_Tanzania,TZA,53,3,56318348,7.7506499,1.7323937,.60206002,,Somaliland,139,.44100001,.26499999,.285
United_Republic_of_Tanzania,TZA,53,3,56318348,7.7506499,1.7323937,.60206002,,Hong Kong,167,.31799999,.255,.117
United_Republic_of_Tanzania,TZA,53,3,56318348,7.7506499,1.7323937,.60206002,,Palestine/Gaza,138,.13,.078000002,.111
United_Republic_of_Tanzania,TZA,53,3,56318348,7.7506499,1.7323937,.60206002,,Palestine/West Bank,128,.28299999,.20999999,.20100001
Uganda,UGA,55,0,42723139,7.6306634,1.748188,0,500,Uganda,50,.30700001,.222,.23999999
Ukraine,UKR,3372,98,44622516,7.6495543,3.5280163,1.9956352,369,Ukraine,100,.46900001,.292,.30399999
Uruguay,URY,533,8,3449299,6.5377312,2.7275412,.95424253,165,Uruguay,102,.85799998,.77999997,.70300001
United_States_of_America,USA,609516,26057,327167434,8.5147705,5.784986,4.4159412,,Somaliland,139,.44100001,.26499999,.285
United_States_of_America,USA,609516,26057,327167434,8.5147705,5.784986,4.4159412,,Palestine/West Bank,128,.28299999,.20999999,.20100001
United_States_of_America,USA,609516,26057,327167434,8.5147705,5.784986,4.4159412,,Hong Kong,167,.31799999,.255,.117
United_States_of_America,USA,609516,26057,327167434,8.5147705,5.784986,4.4159412,,Palestine/Gaza,138,.13,.078000002,.111
Uzbekistan,UZB,1165,4,32955400,7.5179267,3.0666986,.69897002,704,Uzbekistan,140,.20900001,.088,.064000003
Holy_See,VAT,8,0,1000,3.0004342,.95424253,0,,Palestine/Gaza,138,.13,.078000002,.111
Holy_See,VAT,8,0,1000,3.0004342,.95424253,0,,Hong Kong,167,.31799999,.255,.117
Holy_See,VAT,8,0,1000,3.0004342,.95424253,0,,Somaliland,139,.44100001,.26499999,.285
Holy_See,VAT,8,0,1000,3.0004342,.95424253,0,,Palestine/West Bank,128,.28299999,.20999999,.20100001
Saint_Vincent_and_the_Grenadines,VCT,12,0,110210,5.0422249,1.1139433,0,,Somaliland,139,.44100001,.26499999,.285
Saint_Vincent_and_the_Grenadines,VCT,12,0,110210,5.0422249,1.1139433,0,,Hong Kong,167,.31799999,.255,.117
Saint_Vincent_and_the_Grenadines,VCT,12,0,110210,5.0422249,1.1139433,0,,Palestine/West Bank,128,.28299999,.20999999,.20100001
Saint_Vincent_and_the_Grenadines,VCT,12,0,110210,5.0422249,1.1139433,0,,Palestine/Gaza,138,.13,.078000002,.111
Venezuela,VEN,193,9,28870195,7.4604497,2.2878017,1,101,Venezuela,51,.229,.086000003,.152
British_Virgin_Islands,VGB,3,0,29802,4.4742599,.60206002,0,,Palestine/Gaza,138,.13,.078000002,.111
British_Virgin_Islands,VGB,3,0,29802,4.4742599,.60206002,0,,Hong Kong,167,.31799999,.255,.117
British_Virgin_Islands,VGB,3,0,29802,4.4742599,.60206002,0,,Somaliland,139,.44100001,.26499999,.285
British_Virgin_Islands,VGB,3,0,29802,4.4742599,.60206002,0,,Palestine/West Bank,128,.28299999,.20999999,.20100001
United_States_Virgin_Islands,VIR,51,1,106977,5.0292945,1.7160033,.30103001,,Somaliland,139,.44100001,.26499999,.285
United_States_Virgin_Islands,VIR,51,1,106977,5.0292945,1.7160033,.30103001,,Hong Kong,167,.31799999,.255,.117
United_States_Virgin_Islands,VIR,51,1,106977,5.0292945,1.7160033,.30103001,,Palestine/Gaza,138,.13,.078000002,.111
United_States_Virgin_Islands,VIR,51,1,106977,5.0292945,1.7160033,.30103001,,Palestine/West Bank,128,.28299999,.20999999,.20100001
Vietnam,VNM,274,0,95540395,7.9801869,2.4393327,0,816,Vietnam,34,.21699999,.122,.19400001
Kosovo,XKX,387,8,1845300,6.266067,2.5888317,.95424253,347,Kosovo,43,.62400001,.41299999,.34
South_Africa,ZAF,2415,27,57779622,7.7617745,3.3830969,1.447158,,Palestine/Gaza,138,.13,.078000002,.111
South_Africa,ZAF,2415,27,57779622,7.7617745,3.3830969,1.447158,,Somaliland,139,.44100001,.26499999,.285
South_Africa,ZAF,2415,27,57779622,7.7617745,3.3830969,1.447158,,Palestine/West Bank,128,.28299999,.20999999,.20100001
South_Africa,ZAF,2415,27,57779622,7.7617745,3.3830969,1.447158,,Hong Kong,167,.31799999,.255,.117
Zambia,ZMB,45,2,17351822,7.2393451,1.6627579,.47712126,551,Zambia,61,.37200001,.27399999,.248
Zimbabwe,ZWE,17,3,14439018,7.1595378,1.2552725,.60206002,552,Zimbabwe,62,.289,.175,.21799999
