defect,outcome,peakmembership,eyear,byear,location,campaign,target,lccode,tccode,nonviol,viol,fselfdet,regchange,secession,other,success,limited,failure,ongoing,middleeast,americas,asia,fsu,europe,africa,lpolity,tpolity,lgovcap,tgovcap,regviol,violsim,extfor,statesup,regaid,sdirect,deltatpolity,deltatgdp,lduration,lmembers,t1,t2,t3,t4,t5,t6,t7,t8,t9,t10,t11,cw,postcw,ixnNVmem,rgdppc,growthrgdppc,lupop,recur5,recur10,polityt10,polityt1,polityt5,politychanget10,politychanget1,politychanget5,politychanget0,authdum,deltatgovcap,memdum,lnpop,ixnNVpc,lpolity1,lcinc1,lgdppc,wars,lmtnest,ef,loclpolity1,loclcap1,loclcap2,loclcap3,loclcap4,mempc,demdum,recur1
1,5,50000,1959,1956,Cuba,Cuban Revolution,Batista regime,40,40,0,1,0,1,0,0,1,0,0,0,0,1,0,0,0,0,-9,-9,.0017642,.0017642,1,0,0,1,1,0,-6,,6.9985094,10.819778,0,0,0,0,0,1,0,0,0,0,0,1,0,0,,,7.3575563,1,1,-7,0,-7,2,9,2,0,1,-8.2130222,0,8.819231,0,-9,.0013484,,0,1.6941071,.21340001,-9,0,1,0,0,1.2268392,0,0
0,3,5000,1920,1918,Haiti,Caco Revolt,U.S. occupation,41,2,0,1,1,0,0,0,0,0,1,0,0,1,0,0,0,0,2,10,,.38136151,1,0,1,0,1,0,0,,6.5930448,8.5171928,0,0,1,0,0,0,0,0,0,0,0,0,0,0,,,,,,2,2,2,0,0,0,0,1,-1.7430127,0,,,10,.2440332,,,,,,,,,,,0,
1,5,30000,1985,1985,Haiti,,Jean Claude Duvalier,41,41,1,0,0,1,0,0,1,0,0,0,0,1,0,0,0,0,-9,-9,.00034500001,.00034500001,1,1,0,0,0,0,0,4.7472773,5.8861041,10.308952,0,0,0,0,0,0,0,0,1,0,0,1,0,10.308952,1403.366654,.234157493,6.1333981,1,1,7,-9,-6,16,0,3,0,1,,0,8.5856981,1.2007122,-9,.00034500001,1403.366654,0,2.7972813,.095000029,-9,1,0,0,0,1.2007122,0,0
0,3,650,1924,1916,Dominican Republic,Dominican insurgency,U.S. occupation,42,2,0,1,1,0,0,0,0,0,1,0,0,1,0,0,0,0,,10,,.27207771,1,0,1,0,0,0,0,,7.9793391,6.4769726,0,0,1,0,0,0,0,0,0,0,0,0,0,0,,,,,,-9,,-3,,,,,0,-2.9534123,0,,,10,.2220877,,,,,,1,0,0,0,,0,
1,3,,1965,1965,Dominican Republic,leftists,Loyalist regime,42,42,0,1,0,1,0,0,0,0,1,0,0,1,0,0,0,0,,,.00052860001,.00052860001,1,1,0,0,1,0,,3.6181877,5.8861041,,0,0,0,0,0,0,1,0,0,0,0,1,0,,601.05416,3.681822842,6.1758671,0,0,-3,0,-3,-3,0,-3,,0,-11.974962,1,8.2125683,,0,.00052860001,601.05416,0,2.8564701,.38679999,0,1,0,0,0,,0,0
,5,100000,1920,1910,Mexico,Liberals and Radicals rebellion,Diaz regime,70,70,0,1,0,1,0,0,1,0,0,0,0,1,0,0,0,0,-1,-1,.0060036001,.0060036001,1,1,0,0,0,0,8,,8.2024822,11.512925,0,0,1,0,0,0,0,0,0,0,0,0,0,0,,,6.4861608,,,-3,-1,-3,-2,0,-2,0,1,-6.6920795,0,,,-9,.0051036999,,,,,-9,0,0,1,0,,0,
1,3,50316,1924,1923,Mexico,Huerta led rebels,Obregon regime,70,70,0,1,0,1,0,0,0,0,1,0,0,1,0,0,0,0,-1,-1,.0070270998,.0070270998,1,0,0,0,1,0,0,,6.3080983,10.826078,0,0,1,0,0,0,0,0,0,0,0,0,0,0,,,6.7900972,,,-6,-3,-3,-5,-2,-2,0,1,-9.0131321,0,,,-1,.0069531002,,,,,-1,0,0,1,0,,0,
0,3,50000,1930,1926,Mexico,Cristeros rebellion,Mexican regime,70,70,0,1,0,1,0,0,0,0,1,0,0,1,0,0,0,0,-3,-3,.0072941999,.0072941999,1,0,0,0,0,0,-2,,7.2861919,10.819778,0,0,0,1,0,0,0,0,0,0,0,0,0,0,,,7.2470808,,,-6,-6,-6,-3,-3,-3,0,1,-7.983336,0,,,-3,.0072575002,,,,,-3,0,0,1,0,,0,
1,3,30000,1929,1929,Mexico,Escoban-led rebellion,Calles government,70,70,0,1,0,1,0,0,0,0,1,0,0,1,0,0,0,0,-3,-3,.0073754,.0073754,1,0,0,1,0,0,0,,4.3174882,10.308952,0,0,1,0,0,0,0,0,0,0,0,0,0,0,,,7.1708884,,,-6,-3,-6,-3,0,-3,0,1,-9.0456753,0,,,-3,.0073754,,,,,-3,0,0,1,0,,0,
1,5,100000,2000,1987,Mexico,,corrupt govt,70,70,1,0,0,1,0,0,1,0,0,0,0,1,0,0,0,0,6,6,.0155907,.0155907,0,0,0,0,0,0,9,7.7645211,5.8861041,11.512925,0,0,0,0,0,0,0,0,0,0,1,0,0,11.512925,7439.032628,2.302104423,10.548469,0,1,,8,,,2,2,0,1,-5.8652902,0,11.499098,1.0012025,-3,.0122528,4846.508123,0,3.4719665,.54177892,-3,0,0,0,1,1.0012025,,0
0,3,1000000,2006,2006,Mexico,,Calderon regime,70,70,1,0,0,1,0,0,0,0,1,0,0,1,0,0,0,0,,,,,0,1,0,0,0,0,,,5.8861041,13.815511,0,0,0,0,0,0,0,0,0,0,1,0,1,13.815511,,,,1,1,,8,,,0,,,0,,0,,,8,,,,,,8,,,,,,,0
1,5,,1944,1944,Guatemala,October Revolutionaries,Ubico dictatorship,90,90,1,0,0,1,0,0,1,0,0,0,0,1,0,0,0,0,-9,-9,.00063760002,.00063760002,1,0,0,0,0,0,0,,5.8861041,,0,0,0,0,1,0,0,0,0,0,0,0,0,,,,5.3375382,,,2,5,5,11,14,14,0,1,-9.6063499,1,,,-9,.00063760002,,,,,-9,0,1,0,0,,0,
1,5,400,1954,1954,Guatemala,Conservative movement,Arbenz leftist regime,90,90,0,1,0,1,0,0,1,0,0,0,0,1,0,0,0,0,2,2,.00044800001,.00044800001,0,0,0,1,1,0,0,3.3513069,2.3025851,5.9914646,0,0,0,0,0,1,0,0,0,0,0,1,0,0,482.0377063,.002468809,5.7430034,0,0,-5,-6,-5,-7,-8,-7,0,1,,0,8.0830936,0,2,.00044800001,482.0377063,0,3.7635229,.4928,2,1,0,0,0,.74123412,0,0
1,4,1500,1996,1961,Guatemala,Marxist rebels (URNG),government of Guatemala,90,90,0,1,0,1,0,0,0,1,0,0,0,1,0,0,0,0,3,3,.00080739998,.00080739998,1,0,0,0,0,1,8,7.951612,9.455245,7.3132205,0,0,0,0,0,0,0,0,0,1,0,0,0,0,3384.912229,1.706648646,6.9450512,0,0,8,8,8,5,5,5,0,1,-7.9369349,0,9.3171053,0,-5,.0004589,586.9350826,0,3.7635229,.4928,-5,1,0,0,0,.78492409,1,0
0,3,,1972,1966,Guatemala,Indian resistance,government of Guatemala,90,90,0,1,0,0,0,1,0,0,1,0,0,1,0,0,0,0,1,1,.00057899999,.00057899999,1,1,0,0,0,0,6,5.8344889,7.6916566,,0,0,0,0,0,0,0,1,0,0,0,1,0,,985.719366,1.250200229,6.5539336,0,0,-5,1,-3,-6,0,-4,0,1,,1,8.6040316,,-5,.00051400001,679.3288075,0,3.7635229,.4928,-5,1,0,0,0,,0,0
0,3,,1924,1924,Honduras,Conservative movement,Carias regime,91,91,0,1,0,1,0,0,0,0,1,0,0,1,0,0,0,0,5,5,.00020559999,.00020559999,1,0,0,0,1,0,0,,5.8861041,,0,0,1,0,0,0,0,0,0,0,0,0,0,,,,,,,5,,5,0,,0,0,1,-10.136682,1,,,5,.00020559999,,,,,5,1,0,0,0,,0,
1,3,25000,1932,1932,El Salvador,leftist rebellion,authoritarian Martinez regime,92,92,0,1,0,1,0,0,0,0,1,0,0,1,0,0,0,0,-9,-9,.00026070001,.00026070001,1,0,0,0,0,0,-3,,5.8861041,10.126631,0,0,0,1,0,0,0,0,0,0,0,0,0,0,,,,,,-9,-9,-9,0,0,0,0,1,-16.118088,0,,,-9,.00026070001,,,,,-9,1,0,0,0,,0,
1,5,,1944,1944,El Salvador,Strike of Fallen Arms,Martinez dictatorship,92,92,1,0,0,1,0,0,1,0,0,0,0,1,0,0,0,0,-9,-9,.00023000001,.00023000001,1,0,0,0,0,0,0,,5.8861041,,0,0,0,0,1,0,0,0,0,0,0,0,0,,,,,,,-6,-8,,3,1,2,0,1,,1,,,-9,.00023000001,,,,,-9,1,0,0,0,,,
0,3,,1981,1979,El Salvador,,Mil/civ junta,92,92,1,0,0,1,0,0,0,0,1,0,0,1,0,0,0,0,,,.00047969999,.00047969999,1,1,0,0,1,1,,6.1674538,6.5930448,,0,0,0,0,0,0,0,0,1,0,0,1,0,,2432.491843,-7.340128415,6.7405195,0,0,6,0,6,8,2,8,,0,-9.8994961,1,8.3885117,,-6,.0004702,2296.746618,0,2.4248028,.19780004,-6,1,0,0,0,,0,0
1,4,6000,1991,1979,El Salvador,Farabundo Marti National Liberation Front (FMLN),El Salvador government,92,92,0,1,0,1,0,0,0,1,0,0,0,1,0,0,0,0,7,7,.00071599998,.00071599998,1,1,0,0,1,0,8,6.9137774,8.3848038,8.6995144,0,0,0,0,0,0,0,0,0,1,0,1,0,0,2961.558633,1.254904639,7.1989312,0,0,7,7,7,1,1,1,-1,0,-8.1577721,0,8.5031757,0,-6,.0004702,2296.746618,0,2.4248028,.19780004,-6,1,0,0,0,1.02309,1,0
0,5,300,1932,1925,Nicaragua,Nicaraguan Guerillas,US backed Conservative gov't/ US intervening troops,93,2,0,1,0,1,0,0,1,0,0,0,0,1,0,0,0,0,-3,-3,.000168,.000168,0,0,0,0,1,0,0,,7.8458076,5.7037826,0,0,0,1,0,0,0,0,0,0,0,0,0,0,,,,,,-8,-3,-8,-5,0,-5,0,1,-10.356045,0,,,10,.253591,,,,,-3,1,0,0,0,,0,
0,3,3000,1979,1978,Nicaragua,FSLN,Nicaraguan regime,93,93,0,1,0,1,0,0,0,0,1,0,0,1,0,0,0,0,8,8,.0002948,.00029500001,1,1,0,0,0,0,16,5.4842162,6.3080983,8.0063677,0,0,0,0,0,0,0,1,0,0,0,1,0,0,2994.78162,-1.779207275,6.3868794,0,0,-1,0,2,7,8,3,-16,0,-11.748648,0,7.8664346,0,-8,.0002948,3038.593531,0,2.332144,.40180004,-8,1,0,0,0,1.0177886,0,0
1,3,13500,1990,1980,Nicaragua,Contras,Sandinista regime,93,93,0,1,0,1,0,0,0,0,1,0,0,1,0,0,0,0,-1,-1,.0007716,.0007716,1,0,0,1,0,1,7,,8.2024822,9.5104446,0,0,0,0,0,0,0,0,0,1,0,1,0,0,3013.724837,-9.582492809,6.7298241,0,0,8,6,8,9,7,7,0,1,-7.6325994,0,8.1611099,0,0,.00029120001,2450.864071,1,2.332144,.40180004,0,1,0,0,0,1.1653372,1,0
1,5,700,1948,1948,Costa Rica,National Union Party,Calderon regime,94,94,0,1,0,1,0,0,1,0,0,0,0,1,0,0,0,0,10,10,.000081600003,.000081600003,1,0,0,0,0,0,0,,3.7376697,6.5510802,0,0,0,0,1,0,0,0,0,0,0,0,0,0,,,,0,0,10,10,10,0,0,0,0,0,-13.122363,0,,,10,.000081600003,,0,3.1441524,.23759997,10,1,0,0,0,,1,0
0,3,400,1989,1987,Panama,,Noriega regime,95,95,1,0,0,1,0,0,0,0,1,0,0,1,0,0,0,0,-8,-8,.00028099999,.00028099999,1,0,1,1,1,1,-2,5.6126533,5.8861041,5.9914646,0,0,0,0,0,0,0,0,1,0,0,1,0,5.9914646,4335.031408,-9.266401499000001,6.5117455,0,0,9,8,-8,17,16,16,0,1,,0,7.7393765,.77415341,-6,.00029239999,4473.519174,0,2.5649493,.50669998,-6,1,0,0,0,.77415341,0,0
0,5,,1949,1948,Colombia,Conservative movement,Liberal government,100,100,0,1,0,1,0,0,1,0,0,0,0,1,0,0,0,0,-5,-5,.002628,.002628,1,1,0,0,0,0,-10,,6.3080983,,0,0,0,0,1,0,0,0,0,0,0,0,0,,,,7.4792995,0,0,7,-5,-5,12,0,0,0,1,-8.1442518,1,,,5,.0026433,,0,3.6402142,.65600002,5,0,1,0,0,,0,0
0,3,,1949,1949,Colombia,Liberals of 1949,Conservative govt,100,100,0,1,0,1,0,0,0,0,1,0,0,1,0,0,0,0,-5,-5,.002628,.002628,1,1,0,0,0,0,-10,,5.8861041,,0,0,0,0,1,0,0,0,0,0,0,0,0,,,,7.4792995,0,0,7,-5,-5,12,0,0,0,1,-8.1442518,1,,,-5,.002628,,1,3.6402142,.65600002,-5,0,1,0,0,,0,0
1,3,12500,2006,1964,Colombia,Revolutionary Armed Forces of Colombia and National Liberation Army,Colombia govt and US influence,100,100,0,1,0,1,0,0,0,0,1,1,0,1,0,0,0,0,,,,,1,1,1,0,0,0,,,9.6610975,9.4334841,0,0,0,0,0,0,0,0,0,0,1,0,0,0,,,,1,1,,7,,,0,,,0,,0,,,7,.0036543,636.654003,1,3.6402142,.65600002,7,0,0,1,0,,,0
0,3,,1903,1901,Venezuela,La Revolución Libertador,Venezuela government,101,101,0,1,0,1,0,0,0,0,1,0,0,1,0,0,0,0,-3,-3,.0008791,.0008791,1,0,0,1,0,0,0,,6.5930448,,1,0,0,0,0,0,0,0,0,0,0,0,0,,,,,,,-6,-3,-3,-3,0,0,0,1,-8.4641266,1,,,-3,.00060730003,,,,,-3,1,0,0,0,,0,
1,5,,1958,1958,Venezuela,,Jimenez dictatorship,101,101,1,0,0,1,0,0,1,0,0,0,0,1,0,0,0,0,-3,-3,.0060749999,.0060749999,1,0,0,0,1,0,0,5.5085778,5.8861041,,0,0,0,0,0,1,0,0,0,0,0,1,0,,1321.593525,7.363823565,7.4460015,1,1,6,6,6,9,9,9,0,1,-6.8571572,1,8.8102608,,-3,.0060749999,1321.593525,0,3.1045866,.483275,-3,0,0,1,0,,0,0
1,3,2000,1963,1958,Venezuela,Armed Forces for National Liberation (FALN),Betancourt regime,101,101,0,1,0,1,0,0,0,0,1,0,0,1,0,0,0,0,6,6,.0065036998,.0065036998,0,0,0,0,0,0,9,4.8427682,7.509335,7.6009026,0,0,0,0,0,0,1,0,0,0,0,1,0,0,1201.608912,4.771166322,7.7128911,0,0,9,6,7,3,0,0,0,1,-6.5153079,0,9.004961,0,-3,.0060749999,1321.593525,0,3.1045866,.483275,-3,0,0,1,0,.84407943,1,0
1,5,200000,2002,2002,Venezuela,anti-coup,anti-Chavez coup,101,101,1,0,0,1,0,0,1,0,0,0,0,1,0,0,0,0,6,6,,,1,0,0,0,0,0,-2,,.69314718,12.206073,0,0,0,0,0,0,0,0,0,0,1,0,1,12.206073,,,,0,,,6,5,,0,-1,0,,,0,10.097724,1.2087945,6,.0049998001,7249.223948,,,,6,0,0,1,0,1.2087945,0,0
1,5,5000,1992,1990,Guyana,,Burnham/Hoyte autocratic regime,110,110,1,0,0,1,0,0,1,0,0,0,0,1,0,0,0,0,-7,-7,.000068499998,.000068499998,1,0,0,0,0,0,0,,5.9053617,8.5171928,0,0,0,0,0,0,0,0,0,1,0,0,0,8.5171928,1681.676723,,4.6634393,0,0,6,6,6,13,13,13,0,1,,0,6.603117,1.2898746,-7,.000067000001,1742.469548,0,1.1939224,.61956298,-7,1,0,0,0,1.2898746,0,0
0,3,,1932,1932,Peru,Aprista rebels,Cerro regime,135,135,0,1,0,1,0,0,0,0,1,0,0,1,0,0,0,0,,,.0014656,.0014656,1,0,0,0,0,0,,,3.4011974,,0,0,0,1,0,0,0,0,0,0,0,0,0,,,,5.6312118,,,2,0,2,5,3,5,,0,,1,,,-3,.0014656,,,,,-3,0,1,0,0,,0,
1,3,5000,1995,1980,Peru,Senderista Insurgency (Sendero Luminoso) The Shinning Path,Peruvian government,135,135,0,1,0,1,0,0,0,0,1,0,0,1,0,0,0,0,1,1,.0034497001,.0034497001,1,1,0,0,0,0,8,7.2603679,8.6079473,8.5171928,0,0,0,0,0,0,0,0,0,1,0,0,0,0,3546.665797,9.774920694,9.3697348,0,0,9,1,,8,0,0,0,1,-7.6007028,0,10.087745,0,3,.0031595,2680.103626,0,3.8836236,.63789999,3,0,0,1,0,.84431088,,0
1,3,350,1997,1996,Peru,Senderista Insurgency (Tupac Amaru Revolutionary Movement (MRTA)),Peruvian government,135,135,0,1,0,1,0,0,0,0,1,0,0,1,0,0,0,0,1,1,.0035369999,.0035369999,1,1,0,0,0,0,0,6.7010508,5.8861041,5.857933,0,0,0,0,0,0,0,0,0,1,0,0,1,0,3936.056716,.702233306,9.414423,0,1,9,1,9,8,0,8,0,1,-8.761816,0,10.128962,0,1,.0034761999,3865.240509,1,3.8836236,.63789999,1,0,0,1,0,.57833499,1,0
0,5,50000,2000,2000,Peru,,Fujimori govt,135,135,1,0,0,1,0,0,1,0,0,0,0,1,0,0,0,0,1,1,.0035224,.0035224,1,1,0,0,0,0,0,,4.0943446,10.819778,0,0,0,0,0,0,0,0,0,0,1,0,1,10.819778,4061.137493,-.167718441,9.4815121,0,1,,5,,,4,8,0,1,,0,10.186216,1.0621979,1,.0035224,4061.137493,0,3.8836236,.63789999,1,0,0,1,0,1.0621979,,0
1,3,50000,1932,1932,Brazil,Paolistas,Brazilian regime,140,140,0,1,0,1,0,0,0,0,1,0,0,1,0,0,0,0,,,.0100555,.0100555,1,0,0,0,0,0,,,4.4998097,10.819778,0,0,0,1,0,0,0,0,0,0,0,0,0,0,,,8.0986433,,,-7,-6,-7,-2,-1,-2,,0,,0,,,-5,.0100555,,,,,-5,0,0,0,1,,0,
1,5,1000000,1985,1984,Brazil,diretas ja,Military rule,140,140,1,0,0,1,0,0,1,0,0,0,0,1,0,0,0,0,-3,-3,.024178101,.024178101,1,0,0,0,0,1,1,5.9970994,7.2861919,13.815511,0,0,0,0,0,0,0,0,1,0,0,1,0,13.815511,4320.933848,1.61275961,11.022147,0,0,8,7,8,11,10,11,0,1,-6.7128458,0,11.810257,1.1697892,-3,.023355599,3946.194477,0,1.4109869,.54949999,-3,0,0,0,1,1.1697892,1,0
0,3,1300,1903,1902,Bolivia,Acre rebellion,secession from Bolivia,145,145,0,1,0,0,1,0,0,0,1,0,0,1,0,0,0,0,2,2,.00045779999,.00045779999,1,0,0,0,0,0,0,,6.3080983,7.1701198,1,0,0,0,0,0,0,0,0,0,0,0,0,0,,,,,,2,2,2,0,0,0,0,1,-9.8081779,0,,,2,.0004734,,,,,2,1,0,0,0,,0,
1,5,,1952,1952,Bolivia,leftists,military junta,145,145,0,1,0,1,0,0,1,0,0,0,0,1,0,0,0,0,-5,-5,.00061490003,.00061490003,1,0,0,0,0,0,0,,1.0986123,,0,0,0,0,0,1,0,0,0,0,0,1,0,,535.31701,6.745985711,5.771441,0,0,-3,-4,-3,2,1,2,0,1,-12.075037,1,7.9457927,,-5,.00061490003,535.31701,0,3.6082115,.74339998,-5,1,0,0,0,,0,0
1,5,,1982,1977,Bolivia,,Mil juntas,145,145,1,0,0,1,0,0,1,0,0,0,0,1,0,0,0,0,-7,-7,.00080360001,.00080360001,1,0,0,0,0,1,0,6.7380342,7.509335,,0,0,0,0,0,0,0,0,1,0,0,1,0,,1987.360209,-.655064511,7.4448333,0,0,9,8,9,16,15,16,0,1,-8.7541819,1,8.6206913,,-7,.00073179998,1311.29592,0,3.6082115,.74339998,-7,0,1,0,0,,1,0
1,3,3300,1947,1947,Paraguay,leftist rebellion,Morinigo regime,150,150,0,1,0,1,0,0,0,0,1,0,0,1,0,0,0,0,-9,-9,.00033889999,.00033889999,1,1,0,0,0,0,0,,5.1929569,8.1016779,0,0,0,0,1,0,0,0,0,0,0,0,0,0,,,5.1590552,0,1,-9,-5,-5,0,4,4,0,1,-10.79022,0,,,-9,.00033889999,,0,.74193734,.1322,-9,1,0,0,0,,0,0
1,5,,1931,1931,Chile,,Ibanez regime,155,155,1,0,0,1,0,0,1,0,0,0,0,1,0,0,0,0,-2,-2,.002716,.002716,0,0,0,0,1,0,0,,5.8861041,,0,0,0,1,0,0,0,0,0,0,0,0,0,,,,6.6933236,,,2,-2,2,4,0,4,0,1,,1,,,-2,.002716,,,,,-2,0,1,0,0,,0,
1,5,,1973,1973,Chile,Pinochet-led rebels,Allende regime,155,155,0,1,0,1,0,0,1,0,0,0,0,1,0,0,0,0,6,6,.0026779999,.0026779999,0,0,0,1,0,1,0,5.4472113,5.8861041,,0,0,0,0,0,0,0,1,0,0,0,1,0,,2080.455682,-2.311106021,8.3228798,0,0,-7,-7,-7,-13,-13,-13,0,1,-9.2203922,1,9.1816854,,6,.0026779999,2080.455682,0,4.0707345,.49699998,6,0,1,0,0,,0,0
1,5,700000,1989,1983,Chile,,Augusto Pinochet,155,155,1,0,0,1,0,0,1,0,0,0,0,1,0,0,0,0,-1,-1,.0025851,.0025851,1,1,0,0,1,1,6,7.2400618,7.6916566,13.458836,0,0,0,0,0,0,0,0,1,0,0,1,0,13.458836,5138.676478,5.197688362,8.9085598,0,0,8,8,8,9,9,9,0,1,,0,9.4475861,1.4245793,-7,.0028278001,3658.519773,0,4.0707345,.49699998,-7,0,1,0,0,1.4245793,1,0
0,3,3000,1977,1973,Argentina,ERP/Monteneros,Argentina regime,160,160,0,1,0,1,0,0,0,0,1,0,0,1,0,0,0,0,-9,-9,.0059794001,.0059794001,1,1,0,0,0,0,0,7.2927184,7.2861919,8.0063677,0,0,0,0,0,0,0,1,0,0,0,1,0,0,4157.308814,-2.262618289,9.2544527,0,0,8,-9,-8,17,0,1,0,1,,0,10.18608,0,-9,.0060927998,3012.232044,0,3.3809946,.25489998,-9,0,0,1,0,.78601068,0,0
0,5,10000,1981,1977,Argentina,pro-democracy movement,military junta,160,160,1,0,0,1,0,0,1,0,0,0,0,1,0,0,0,0,-9,-9,.0066292998,.0066292998,1,0,1,0,1,0,-15,7.7320752,7.2861919,9.2103405,0,0,0,0,0,0,0,0,1,0,0,1,0,9.2103405,6007.31792,1.011964865,9.3986444,0,0,7,-8,8,16,1,17,0,1,-7.553637,0,10.25308,.89829987,-9,.0059794001,4157.308814,1,3.3809946,.25489998,-9,0,0,1,0,.89829987,1,0
1,5,,1986,1986,Argentina,,attempted coup,160,160,1,0,0,0,0,1,1,0,0,0,0,1,0,0,0,0,8,8,.0058849999,.0058849999,0,0,0,0,0,0,0,,5.8861041,,0,0,0,0,0,0,0,0,1,0,0,1,0,,6429.755028,-8.790037986,9.4760065,0,0,7,8,7,-1,0,-1,0,0,,1,10.331205,,8,.0058849999,6429.755028,0,3.3809946,.25489998,8,0,0,1,0,,1,0
0,3,15000,1904,1904,Uruguay,Blancos Rebellion,Ordonez regime,165,165,0,1,0,1,0,0,0,0,1,0,0,1,0,0,0,0,-3,-3,.0010501,.0010501,1,0,0,0,1,0,0,,5.8861041,9.6158056,1,0,0,0,0,0,0,0,0,0,0,0,0,0,,,5.6347895,,,2,0,0,5,3,3,0,1,-10.483307,0,,,-3,.0010501,,,,,-3,0,1,0,0,,0,
1,3,3000,1972,1963,Uruguay,Tupamaros,Uruguay government,165,165,0,1,0,1,0,0,0,0,1,0,0,1,0,0,0,0,,,.0006654,.0006654,1,1,0,1,0,0,,6.3355327,8.0971222,8.0063677,0,0,0,0,0,0,0,1,0,0,0,1,0,0,1878.710997,.667570631,7.0749631,0,0,-7,-3,-7,-10,-6,-11,,0,-10.645824,0,7.9466319,0,8,.0007027,1342.265292,0,0,.21759999,8,0,1,0,0,1.0075171,0,0
0,5,50000,1985,1984,Uruguay,,Military rule,165,165,1,0,0,1,0,0,1,0,0,0,0,1,0,0,0,0,-7,-7,.00055200001,.00055200001,1,1,0,0,0,0,0,,5.8861041,10.819778,0,0,0,0,0,0,0,0,1,0,0,1,0,10.819778,4622.40133,-3.039230465,7.1057863,0,0,10,9,10,17,16,17,0,1,,0,8.0030622,1.3519548,-7,.0005738,4533.487071,0,0,.21759999,-7,1,0,0,0,1.3519548,1,0
0,3,6000,1905,1899,Somalia,Dervish resistance,British and Ethiopian occupation,200,200,0,1,1,0,0,0,0,0,1,0,0,0,0,0,0,1,,8,,.13484301,1,0,1,0,0,0,1,,7.6916566,8.6995144,1,0,0,0,0,0,0,0,0,0,0,0,0,0,,,9.5656347,,,8,8,,0,0,0,,0,,0,,,,,,,,,,,,,,,,
0,3,12000,1906,1906,Natal,Zulu Rebellion (Natal Rebellion),British occupation,200,200,0,1,1,0,0,0,0,0,1,0,0,0,0,0,0,1,,8,,.1206698,1,0,0,0,0,0,0,,5.8861041,9.392662,1,0,0,0,0,0,0,0,0,0,0,0,0,0,,,9.5774107,,,8,8,8,0,0,0,,0,,0,,,8,.1206698,,,,,8,0,0,0,1,,1,
1,4,1000,2006,1968,Northern Ireland,IRA,British occupation,200,200,0,1,0,0,1,0,0,1,0,1,0,0,0,0,1,0,,,,,1,1,1,1,0,0,,,9.5634594,6.9077554,0,0,0,0,0,0,0,0,0,0,1,0,0,0,,,,1,1,,10,,,0,,,0,,0,,,10,.0327802,2849.941943,0,.58778667,.32448739,10,0,0,0,1,,,0
1,4,100000,1945,1940,France,French resistance,German occupation,220,255,0,1,1,0,0,0,0,0,0,0,0,0,0,0,1,0,,-9,.0182324,.1362128,1,0,1,1,1,1,0,,7.509335,11.512925,0,0,0,0,1,0,0,0,0,0,0,0,0,0,,,8.7821693,,,10,4,10,13,7,13,,0,-3.8586009,0,,,-9,.1779559,,,,,10,0,0,0,1,,1,
0,3,,1962,1958,France,Secret Army Organization,French withdrawal from Algeria,220,220,0,1,0,0,0,1,0,0,1,0,0,0,0,0,1,0,5,5,.0304155,.0304155,0,0,0,0,0,0,-5,6.4476385,7.2861919,,0,0,0,0,0,0,1,0,0,0,0,1,0,,1964.813735,4.242521366,9.0159054,0,0,8,5,5,3,0,0,0,1,,1,9.3166494,,10,.032745998,1571.5851,0,2.442347,.27207398,10,0,0,0,1,,0,0
0,3,1000,1934,1934,Spain,Asturian miners,right-wing government,230,230,0,1,0,1,0,0,0,0,1,0,0,0,0,0,1,0,7,7,.0138697,.0138697,1,0,0,0,0,0,0,,3.3672957,6.9077554,0,0,0,1,0,0,0,0,0,0,0,0,0,0,,,8.227108,,,-7,7,-7,-14,0,0,0,0,,0,,,7,.0138697,,,,,7,0,0,0,1,,0,
0,5,115500,1939,1936,Spain,Fascists,Republican government,230,230,0,1,0,1,0,0,1,0,0,0,0,0,0,0,1,0,7,7,.019413801,.019413801,1,1,0,1,1,0,0,,6.9985094,11.657025,0,0,0,1,0,0,0,0,0,0,0,0,0,0,,,8.384119,,,-7,-7,-7,-14,-14,-14,0,0,-5.3508325,0,,,7,.0123776,,,,,7,0,0,0,1,,0,
0,3,550,2006,1968,Spain,ETA,Spanish occupation,230,230,0,1,0,0,1,0,0,0,1,1,0,0,0,0,1,0,,,,,0,1,0,0,0,0,,,9.5634594,6.3099184,0,0,0,0,0,0,0,0,0,0,1,0,0,0,,,,1,1,,10,,,0,,,0,,0,,,-7,.0100386,1905.13974,0,3.11795,.50216198,-7,0,0,0,1,,,0
1,5,10000,1974,1974,Portugal,Carnation Revolution,Military rule,235,235,1,0,0,1,0,0,1,0,0,0,0,0,0,0,1,0,-9,-9,.0030562,.0030562,1,0,0,0,0,0,0,6.5110021,5.8861041,9.2103405,0,0,0,0,0,0,0,1,0,0,0,1,0,9.2103405,2799.797178,10.80517424,6.9874902,0,0,10,-3,9,19,6,18,0,1,-6.7695599,0,8.7030687,1.0582865,-9,.0030562,2799.797178,0,1.9169227,.039599955,-9,0,1,0,0,1.0582865,1,0
0,3,5000,1905,1904,Namibia/South West Africa,South West African Revolt (Herero Revolt),German occupation,255,255,0,1,1,0,0,0,0,0,1,0,0,0,0,0,0,1,,1,,.1337571,1,0,0,0,0,0,0,,6.3080983,8.5171928,1,0,0,0,0,0,0,0,0,0,0,0,0,0,,,9.2578917,,,2,1,2,1,0,1,,0,-6.1049905,0,,,1,.1346496,,,,,1,0,0,0,1,,0,
0,5,,1923,1923,Germany,Ruhrkampf resistance,French occupation,255,220,1,0,1,0,0,0,1,0,0,0,0,0,0,0,1,0,6,9,.083895698,.057333801,1,0,0,1,0,0,0,,5.8861041,,0,0,1,0,0,0,0,0,0,0,0,0,0,,,,9.7172785,,,6,6,6,0,0,0,0,1,,1,,,9,.057333801,,,,,6,0,0,0,1,,0,
0,3,400000,1953,1953,East Germany,,Communist regime,265,265,1,0,0,1,0,0,0,0,1,0,0,0,0,0,1,0,-8,-8,,,1,0,0,0,1,0,0,,5.8861041,12.89922,0,0,0,0,0,1,0,0,0,0,0,1,0,12.89922,,,,0,0,-9,-8,-8,-1,0,0,0,1,,0,,,-8,,,0,0,.0059910417,-8,,,,,,0,0
0,3,40000,1956,1956,East Germany,,Communist regime,265,265,1,0,0,1,0,0,0,0,1,0,0,0,0,0,1,0,-8,-8,.0109643,.0109643,1,0,0,0,1,0,0,,5.8861041,10.596635,0,0,0,0,0,1,0,0,0,0,0,1,0,10.596635,,,8.224967,0,0,-9,-8,-9,-1,0,-1,0,1,,0,,,-8,.0109643,,0,0,.0059910417,-8,0,0,0,1,,0,0
1,5,70000,1989,1989,East Germany,pro-dem movement,Communist regime,265,265,1,0,0,1,0,0,1,0,0,0,0,0,0,0,1,0,-9,-9,.0086386995,.0086386995,0,0,0,0,1,0,0,,4.0943446,11.156251,0,0,0,0,0,0,0,0,1,0,0,1,0,11.156251,,,8.4169312,1,1,,,10,,,,0,1,-8.8767319,0,,,-9,.0086386995,,0,0,.0059910417,-9,0,0,1,0,,1,0
0,3,300000,1944,1944,Poland,Polish resistance,German occupation,290,255,0,1,1,0,0,0,0,0,1,0,0,0,0,0,1,0,,-9,,,1,0,1,1,1,1,0,,5.8861041,12.611538,0,0,0,0,1,0,0,0,0,0,0,0,0,0,,,,,,-7,0,-7,-7,0,-7,,0,,0,,,-9,.15359829,,,,,0,,,,,,0,
0,4,100000,1956,1956,Poland,,Communist regime,290,290,1,0,0,1,0,0,0,1,0,0,0,0,0,0,1,0,-7,-7,.0136121,.0136121,1,0,0,0,1,0,0,,5.0106354,11.512925,0,0,0,0,0,1,0,0,0,0,0,1,0,11.512925,,,8.5000467,0,0,-7,-7,-7,0,0,0,0,1,,0,10.213945,1.1271771,-7,.0136121,,0,.58778667,.04725498,-7,0,0,0,1,1.1271771,0,0
0,4,10000,1970,1968,Poland,,Communist regime,290,290,1,0,0,1,0,0,0,1,0,0,0,0,0,0,1,0,-7,-7,.0133975,.0133975,1,0,0,0,1,0,0,,6.3080983,9.2103405,0,0,0,0,0,0,0,1,0,0,0,1,0,9.2103405,,,8.8665819,0,0,-7,-7,-7,0,0,0,0,1,,0,10.386757,.88673884,-7,.0134855,,0,.58778667,.04725498,-7,0,0,0,1,.88673884,0,0
0,5,50000,1989,1981,Poland,Solidarity,Communist regime,290,290,1,0,0,1,0,0,1,0,0,0,0,0,0,0,1,0,-6,-6,.0118453,.0118453,1,0,0,0,1,1,1,7.5066137,7.9793391,10.819778,0,0,0,0,0,0,0,0,1,0,0,1,0,10.819778,4980.412525,3.000365892,9.3531408,0,0,9,5,8,15,11,14,0,1,,0,10.540592,1.0264868,-6,.0156073,3425.150151,0,.58778667,.04725498,-6,0,0,0,1,1.0264868,1,0
0,3,1000,1934,1934,Austria,socialists,Dolfuss government,305,305,0,1,0,1,0,0,0,0,1,0,0,0,0,0,1,0,,,.0048334999,.0048334999,1,0,0,1,1,0,,,3.3672957,6.9077554,0,0,0,1,0,0,0,0,0,0,0,0,0,0,,,7.6657534,,,0,-9,,1,-8,1,,0,,0,,,-1,.0048334999,,,,,-1,0,0,1,0,,,
0,5,,1920,1919,Hungary,anti-communist movement (Whites),communist regime,310,310,0,1,0,1,0,0,1,0,0,0,0,0,0,0,1,0,-7,-7,.0037849001,.0037849001,1,1,1,1,0,0,-3,,6.3080983,,0,0,1,0,0,0,0,0,0,0,0,0,0,,,,7.0698743,,,-1,-1,-1,6,6,6,0,1,,1,,,-6,.0047665001,,,,,-6,0,0,1,0,,0,
0,3,30000,1956,1956,Hungary,,Soviet occupation,310,364,1,0,1,0,0,0,0,0,1,0,0,0,0,0,1,0,,-7,.0051516001,.0051516001,1,1,1,0,0,0,2,,5.8861041,10.308952,0,0,0,0,0,1,0,0,0,0,0,1,0,10.308952,,,7.4966526,0,0,-7,,-7,0,,0,,0,,0,9.1926851,1.1214299,-7,,,0,0,.18642402,-7,0,0,1,0,1.1214299,0,0
0,5,,1989,1989,Hungary,pro-dem movement,Communist regime,310,310,1,0,0,1,0,0,1,0,0,0,0,0,0,0,1,0,-2,-2,.0030061,.0030061,1,1,0,0,1,0,5,6.9783258,5.3471074,,0,0,0,0,0,0,0,0,1,0,0,1,0,,8081.023393,1.632630648,8.123558,0,0,10,4,10,12,6,12,0,1,,1,9.2531462,,-2,.0030061,8081.023393,0,0,.18642402,-2,0,1,0,0,,1,0
0,3,,1968,1968,Czechoslovakia,,Soviet occupation,315,364,1,0,1,0,0,0,0,0,1,0,0,0,0,0,1,0,-7,-7,.0097254999,.1701079,1,0,0,0,0,0,0,,5.8861041,,0,0,0,0,0,0,1,0,0,0,0,1,0,,,,7.6834035,0,0,-7,0,-7,0,7,0,0,1,-6.0309978,1,9.1866941,,-7,,,0,1.9459101,.50464296,-7,0,0,1,0,,0,0
0,5,500000,1989,1989,Czechoslovakia,Velvet Revolution,Communist regime,315,315,1,0,0,1,0,0,1,0,0,0,0,0,0,0,1,0,-7,-7,.0079175998,.0079175998,1,0,0,0,1,0,0,,3.1354942,13.122363,0,0,0,0,0,0,0,0,1,0,0,1,0,13.122363,,,8.0655794,1,1,,-6,10,,1,,0,1,,0,9.2400303,1.4201645,-7,.0079175998,,0,1.9459101,.50464296,-7,0,0,1,0,1.4201645,1,0
0,5,,1992,1989,Slovakia,People Against Violence,Czech communist government,317,315,1,0,0,1,0,0,1,0,0,0,0,0,0,0,1,0,8,8,,.0060087,0,0,0,0,0,0,15,,6.9985094,,0,0,0,0,0,0,0,0,0,1,0,0,0,,,,,,,,,7,,,,,0,,1,8.5715675,,-7,.0079175998,8034.852716,,,,,,,,,,1,
0,3,300000,1945,1943,Italy,Italian resistance,Nazi occupation,325,255,0,1,1,0,0,0,0,0,1,0,0,0,0,0,1,0,,-9,.0139946,.1362128,1,0,1,1,1,1,0,,6.5930448,12.611538,0,0,0,0,1,0,0,0,0,0,0,0,0,0,,,9.0737181,,,10,2,10,10,2,10,,0,,0,,,-9,.17555019,,,,,-9,0,0,0,1,,1,
0,4,,1989,1989,Albania,,Communist regime,339,339,1,0,0,1,0,0,0,1,0,0,0,0,0,0,1,0,-9,-9,.00051139999,.00051139999,1,1,0,0,1,0,0,,5.8861041,,0,0,0,0,0,0,0,0,1,0,0,1,0,,,,5.4467373,0,0,5,-9,5,14,0,14,0,1,,1,8.050971,,-9,.00051139999,,0,2.2705233,.096599996,-9,1,0,0,0,,0,0
0,5,100000,2000,1999,Croatia,,semi-presidential system,344,344,1,0,0,1,0,0,1,0,0,0,0,0,0,0,1,0,,,.0010188,.0010188,0,0,1,0,0,0,,7.1263771,5.9053617,11.512925,0,0,0,0,0,0,0,0,0,0,1,0,1,11.512925,8403.194208999999,.91229693,7.1074257,0,1,,8,,,7,7,,0,,0,8.4187794,1.367529,-5,.001104,8286.751496000001,0,1.5280654,.37515497,-5,0,1,0,0,1.367529,,0
0,4,10000,1968,1968,Yugoslavia,student protests,Communist regime,345,345,1,0,0,1,0,0,0,1,0,0,0,0,0,0,1,0,-7,-7,.0053221001,.0053221001,0,0,0,0,1,0,0,,5.8861041,9.2103405,0,0,0,0,0,0,1,0,0,0,0,1,0,9.2103405,,,7.6998425,0,0,-7,-7,-7,0,0,0,0,1,,0,,,-7,.0053221001,,0,2.6672282,.80089098,-7,0,0,1,0,,0,0
0,3,10000,1971,1970,Yugoslavia,Croatian nationalists,Yugoslav government,345,345,1,0,0,0,1,0,0,0,1,0,0,0,0,0,1,0,-7,-7,.0050376002,.0050376002,1,0,0,0,1,0,0,,5.8861041,9.2103405,0,0,0,0,0,0,0,1,0,0,0,1,0,9.2103405,,,7.8272409,0,0,-5,-7,-7,2,0,0,0,1,,0,,,-7,.0049939002,,0,2.6672282,.80089098,-7,0,0,1,0,,0,0
0,3,7000,1981,1981,Yugoslavia,Kosovo Albanian nationalist movement,Yugoslav government,345,345,1,0,0,0,1,0,0,0,1,0,0,0,0,0,1,0,-5,-5,.0054976,.0054976,1,0,0,0,1,0,2,,5.8861041,8.8536654,0,0,0,0,0,0,0,0,1,0,0,1,0,8.8536654,,,8.226306,0,1,-5,-5,-5,0,0,0,0,1,-8.4925013,0,,,-5,.0054976,,0,2.6672282,.80089098,-5,0,0,1,0,,0,0
0,5,12500,1992,1991,Yugoslavia,Croats,Serb government,345,345,0,1,0,0,1,0,1,0,0,0,0,0,0,0,1,0,-5,-5,.0038431999,.0038431999,1,1,0,0,0,1,0,,6.5930448,9.4334841,0,0,0,0,0,0,0,0,0,1,0,0,0,0,3343.876752,-11.34268525,7.5776339,0,1,,,-7,,,,0,1,,0,9.25875,0,-5,.0046261,3651.378379,0,2.6672282,.80089098,-5,0,0,1,0,1.0188724,0,0
0,3,,1995,1991,Bosnia-Herzegovina,Serb militias,Bosnian government,346,346,0,1,0,0,1,0,0,0,1,0,0,0,0,0,1,0,,,.00093659997,.00093659997,1,1,1,0,1,0,,,7.2861919,,0,0,0,0,0,0,0,0,0,1,0,0,0,,895.0913162000001,17.18887577,6.329721,0,0,,,,,,,,0,,1,8.2171412,,,,1356.893944,,,,,,,,,,,0
1,4,20000,1945,1940,Serbia,Balkan resistance,German occupation,347,255,0,1,1,0,0,0,0,0,0,0,0,0,0,0,1,0,,-9,.0033642,.1362128,1,0,1,1,1,1,0,,7.509335,9.9034872,0,0,0,0,1,0,0,0,0,0,0,0,0,0,,,,,,,,-7,,,,,0,-3.8586009,0,,,-9,.1779559,,,,,,,,,,,0,
0,3,10000,1999,1989,Yugoslavia,Kosovo Albanian,Serbian rule,347,347,1,0,0,0,1,0,0,0,1,0,0,0,0,0,1,0,-6,-6,.0024989999,.0024989999,1,1,1,1,0,1,-1,,8.2024822,9.2103405,0,0,0,0,0,0,0,0,0,1,0,0,0,9.2103405,,,,,,,-6,7,,0,12,0,1,,0,9.2705889,.99350113,,,,,,,,,,,,.99350113,1,
0,4,9000,1999,1994,Serbia,KLA,secession,347,347,0,1,0,0,1,0,0,1,0,0,0,0,0,0,1,0,-6,-6,.0023590999,.0023590999,1,0,1,1,0,1,-1,,7.509335,9.1049795,0,0,0,0,0,0,0,0,0,1,0,0,1,0,,,,,,,-6,6,,0,12,0,1,,0,9.2705889,0,-7,,,,,,-7,,,,,.98213607,0,
1,5,200000,2000,2000,Yugoslavia,,Milosevic regime,347,347,1,0,0,1,0,0,1,0,0,0,0,0,0,0,1,0,-6,-6,.0021931001,.0021931001,1,0,1,1,0,1,1,,5.8861041,12.206073,0,0,0,0,0,0,0,0,0,0,1,0,1,12.206073,,,,,,,7,7,,13,12,0,1,,0,9.271718,1.3164845,-6,,,,,,-6,,,,,1.3164845,1,
0,5,,1990,1989,Slovenia,,Communist regime,349,349,1,0,0,1,0,0,1,0,0,0,0,0,0,0,1,0,-7,-7,.170064,.170064,1,0,0,0,1,0,0,,5.9053617,,0,0,0,0,0,0,0,0,0,1,0,1,0,,,,,,,,,10,,,,,1,,1,7.5454798,,,,,,,,,,,,,,1,
0,3,100000,1945,1943,Greece,Greek resistance,Nazi occupation,350,255,0,1,1,0,0,0,0,0,1,0,0,0,0,0,1,0,8,-9,.0022436001,.1362128,1,0,1,1,1,1,0,,6.5930448,11.512925,0,0,0,0,1,0,0,0,0,0,0,0,0,0,,,6.7844572,,,4,8,4,-4,0,-4,0,0,,0,,,-9,.17555019,,,,,0,,,,,,0,
0,3,40000,1949,1944,Greece,Greek communists,British and US occupation,350,2,0,1,1,0,0,0,0,0,1,0,0,0,0,0,1,0,8,10,.0035732,.29499999,1,0,1,1,1,0,0,,7.509335,10.596635,0,0,0,0,1,0,0,0,0,0,0,0,0,0,,,6.8522425,0,0,4,4,4,-4,-4,-4,0,0,-2.3741574,0,,,10,.3456322,,,,,0,,,,,,0,0
0,5,500000,1963,1963,Greece,,Karamanlis regime,350,350,1,0,0,1,0,0,1,0,0,0,0,0,0,0,1,0,4,4,.0025218001,.0025218001,1,0,0,0,0,0,0,4.8736691,5.3471074,13.122363,0,0,0,0,0,0,1,0,0,0,0,1,0,13.122363,1009.80191,.984880255,7.0184016,0,0,-7,4,-7,-11,0,-11,0,1,,0,9.0396824,1.4516399,4,.0025218001,1009.80191,0,3.1267605,.058666945,4,0,1,0,0,1.4516399,0,0
1,5,2500,1974,1974,Greece,,Military rule,350,350,1,0,0,1,0,0,1,0,0,0,0,0,0,0,1,0,-7,-7,.0029573001,.0029573001,1,0,0,0,1,0,0,6.6304064,5.8861041,7.8240461,0,0,0,0,0,0,0,1,0,0,0,1,0,7.8240461,3304.609887,7.871957751,7.4430785,0,0,8,1,8,15,8,15,0,1,-8.1711245,0,9.0951719,.86024171,-7,.0029573001,3304.609887,0,3.1267605,.058666945,-7,0,1,0,0,.86024171,1,0
0,5,1000,1959,1954,Cyprus,Ethniki Organosis Kyprios Agoniston,British occupation,352,200,0,1,1,0,0,0,1,0,0,0,0,0,0,0,1,0,,10,,.045252699,0,0,1,0,0,0,0,6.3126416,7.509335,6.9077554,0,0,0,0,0,1,0,0,0,0,0,1,0,0,,,,,,,,,,,,,0,,0,8.10007,0,10,.0560329,,,,,,,,,,.85280192,,
0,3,1000,1923,1923,Bulgaria,Agrarian League movement,Military regime,355,355,0,1,0,1,0,0,0,0,1,0,0,0,0,0,1,0,-3,-3,.0014032,.0014032,1,0,0,0,0,0,0,,5.8861041,6.9077554,0,0,1,0,0,0,0,0,0,0,0,0,0,0,,,5.1761498,,,-3,-3,-3,0,0,0,0,1,-8.9441376,0,,,-3,.0014032,,,,,-3,0,1,0,0,,0,
0,5,70000,1989,1989,Bulgaria,,Communist regime,355,355,1,0,0,1,0,0,1,0,0,0,0,0,0,0,1,0,-7,-7,.0032503,.0032503,1,0,0,0,1,0,0,,5.8861041,11.156251,0,0,0,0,0,0,0,0,1,0,0,1,0,11.156251,,,7.8728361,0,0,8,-7,8,15,0,15,0,1,,0,9.1029797,1.2255603,-7,.0032503,,0,3.058707,.29948515,-7,0,0,1,0,1.2255603,1,0
0,4,15000,1992,1992,Moldova,Dniestr,Moldovan regime,359,359,0,1,0,0,1,0,0,1,0,0,0,0,0,1,0,0,5,5,.00083189999,.00083189999,1,0,0,0,0,0,11,,5.8861041,9.6158056,0,0,0,0,0,0,0,0,0,1,0,0,1,0,,,7.0475173,0,0,8,5,7,3,0,2,0,1,,0,8.395606,0,5,.00083189999,,0,0,.51030099,5,0,1,0,0,1.1453379,1,0
0,3,15000,1907,1907,Romania,Peasant Rebellion,land dist system,360,360,0,1,0,0,0,1,0,0,1,0,0,0,0,0,1,0,-6,-6,.0044105998,.0044105998,1,0,0,0,0,0,0,,2.6390574,9.6158056,1,0,0,0,0,0,0,0,0,0,0,0,0,0,,,5.7203116,,,,-6,-4,,0,2,0,1,-9.4385004,0,,,-6,.0044105998,,,,,-6,0,0,1,0,,0,
1,3,100000,1989,1987,Romania,,Ceasescu regime,360,360,1,0,0,1,0,0,0,0,1,0,0,0,0,0,1,0,-8,-8,.0079563996,.0079563996,1,1,0,0,1,1,0,6.2794967,6.5930448,11.512925,0,0,0,0,0,0,0,0,1,0,0,1,0,11.512925,4938.280562,-1.831271228,8.8034239,0,0,8,-2,5,16,6,13,0,1,,0,10.033151,1.1474885,-8,.0085223997,4688.53146,0,2.8903718,.29976106,-8,0,0,1,0,1.1474885,0,0
1,5,,1989,1989,Romania,anti-Ceaucescu rebels,Ceacescu regime,360,360,0,1,0,1,0,0,1,0,0,0,0,0,0,0,1,0,-8,-8,.0079563996,.0079563996,1,0,0,0,0,1,0,5.5204606,1.0986123,,0,0,0,0,0,0,0,0,1,0,0,1,0,,4938.280562,-1.831271228,8.8034239,0,0,8,-2,5,16,6,13,0,1,,1,10.033151,,-8,.0079563996,4938.280562,0,2.8903718,.29976106,-8,0,0,1,0,,0,0
0,3,50000,1921,1920,USSR,Peasants in Ta (Tambov Rebellion),Soviet regime,364,364,0,1,0,0,1,0,0,0,1,0,0,0,0,1,0,0,-1,-1,.1032007,.1032007,1,1,1,0,0,0,5,,6.3080983,10.819778,0,0,1,0,0,0,0,0,0,0,0,0,0,0,,,,,,,,-7,,,,,1,,0,,,,,,,,,,,,,,,0,
0,3,100000,1935,1930,USSR,Central Asian rebels,Soviet policies of conscription,364,364,0,1,0,0,0,1,0,0,1,0,0,0,0,1,0,0,-9,-9,.1645236,.1645236,1,0,0,0,0,0,-1,,7.509335,11.512925,0,0,0,1,0,0,0,0,0,0,0,0,0,0,,,,,,-9,-9,-9,0,0,0,0,1,-3.0060251,0,,,-8,,,,,,-8,,,,,,0,
0,3,400000,1945,1941,USSR,Belarus resistance,Nazi occupation,364,255,0,1,1,0,0,0,0,0,1,0,0,0,0,1,0,0,-9,-9,.097617902,.1362128,1,1,1,1,1,1,0,,7.2861919,12.89922,0,0,0,0,1,0,0,0,0,0,0,0,0,0,,,,,,-7,-9,-9,2,0,0,0,1,,0,,,-9,.17135081,,,,,-9,,,,,,0,
0,3,50000,1953,1946,USSR,Ukrainian rebellion,Communist regime,364,364,0,1,0,1,0,0,0,0,1,0,0,0,0,1,0,0,-9,-9,.17019939,.17019939,1,1,0,0,0,0,0,,7.8458076,10.819778,0,0,0,0,0,1,0,0,0,0,0,0,0,0,,,,,,-7,-7,-7,2,2,2,0,1,-2.6977277,0,11.565376,0,-9,,,,,,-9,,,,,.93553191,0,
1,5,700000,1991,1990,Russia,pro-dem movement,Anti-coup,364,364,1,0,0,0,0,1,1,0,0,0,0,0,0,1,0,0,0,0,.12826639,.12826639,1,0,0,0,1,1,7,,6.3080983,13.458836,0,0,0,0,0,0,0,0,0,1,0,1,0,13.458836,,,,,,,0,4,,0,,0,1,,0,11.90552,1.1304702,-4,,,,,,-4,,,,,1.1304702,0,
1,4,100000,1906,1905,Russia,Peasant/Worker Rebellion,Romanov dynasty,365,365,0,1,0,1,0,0,0,1,0,0,0,0,0,1,0,0,,,.1631429,.1631429,1,1,1,0,0,0,,,6.3080983,11.512925,1,0,0,0,0,0,0,0,0,0,0,0,0,0,,,9.0427494,,,-6,-6,-6,2,2,2,,0,-2.9341538,0,,,-10,.1132343,,,,,-10,0,0,0,1,,0,
1,5,,1917,1916,Russia,Kirghiz and Kazables rebels,Romanov regime,365,365,0,1,0,1,0,0,1,0,0,0,0,0,0,1,0,0,-6,-6,.14508981,.14508981,1,1,1,0,0,0,0,,6.3080983,,0,1,0,0,0,0,0,0,0,0,0,0,0,,,,8.929038,,,4,-1,-1,10,5,5,0,1,-3.8659124,1,,,-6,.1233457,,,,,-6,0,0,0,1,,0,
0,3,19000,1921,1917,Russia,anti-Bolsheviks,Bolshevik regime,365,365,0,1,0,1,0,0,0,0,1,0,0,0,0,1,0,0,-1,-1,.1032007,.1032007,1,1,1,0,0,0,5,,7.2861919,9.8521938,0,0,1,0,0,0,0,0,0,0,0,0,0,0,,,8.3017702,,,4,-1,-7,5,0,5,0,1,,0,,,-6,.14508981,,,,,-6,0,0,0,1,,0,
1,3,15000,2006,1994,Russia,Chechen separatists,Russian occupation,365,365,0,1,0,0,1,0,0,0,1,1,0,0,0,1,0,0,,,,,1,1,0,0,0,0,,,8.4648466,9.6158056,0,0,0,0,0,0,0,0,0,0,1,0,1,0,,,,1,1,,7,,,0,,,0,,0,,,4,.057014398,8504.060119,0,2.7212954,.33299798,4,0,0,0,1,,,0
0,5,300000,1989,1989,Estonia,Singing Revolution,Communist regime,366,366,1,0,0,1,0,0,1,0,0,0,0,0,0,1,0,0,-7,-7,.170064,.170064,1,0,0,0,1,0,0,,.69314718,12.611538,0,0,0,0,0,0,0,0,1,0,0,1,0,12.611538,,,,,,,,6,,,,,1,,0,7.358315,1.7139165,,,,,,,,,,,,1.7139165,0,
0,5,250000,1989,1989,Latvia,pro-dem movement,Communist regime,367,367,1,0,0,1,0,0,1,0,0,0,0,0,0,1,0,0,-7,-7,.170064,.170064,0,0,0,0,1,0,0,,.69314718,12.429216,0,0,0,0,0,0,0,0,1,0,0,1,0,12.429216,,,,,,,,8,,,,,1,,0,7.8899126,1.57533,,,,,,,,,,,,1.57533,1,
1,5,250000,1991,1989,Lithuania,pro-democracy movement/Sajudis,Lithuanian regime,368,364,1,0,0,1,0,0,1,0,0,0,0,0,0,1,0,0,0,0,,.12826639,1,0,0,0,0,1,7,,6.5930448,12.429216,0,0,0,0,0,0,0,0,0,1,0,1,0,12.429216,,,,0,0,,,10,,,,,1,,0,8.216753,1.5126677,-6,,,,,,,,,,,1.5126677,1,0
1,5,500000,2004,2001,Ukraine,Orange Revolution,Kuchma regime,369,369,1,0,0,1,0,0,1,0,0,0,0,0,0,1,0,0,6,6,,,1,0,0,1,1,0,-1,7.811799,6.9985094,13.122363,0,0,0,0,0,0,0,0,0,0,1,0,1,13.122363,6888.28177,9.647590629,,1,1,,6,,,0,,0,1,,0,10.780103,1.2172762,6,.016002299,5002.869737,,,,6,0,0,0,1,1.2172762,,0
0,4,100000,1989,1989,Belarus,,Communist regime,370,370,1,0,0,1,0,0,0,1,0,0,0,0,0,1,0,0,-7,-7,.170064,.170064,1,0,0,0,1,0,0,,5.8861041,11.512925,0,0,0,0,0,0,0,0,1,0,0,1,0,11.512925,,,,,,,,7,,,,,1,,0,9.2251902,1.2479879,,,,,,,,,,,,1.2479879,1,
0,3,40000,2006,2006,Belarus,,Belarus government,370,370,1,0,0,1,0,0,0,0,1,0,0,0,0,1,0,0,-7,-7,,,0,0,0,0,0,0,0,,5.8861041,10.596635,0,0,0,0,0,0,0,0,0,0,1,0,1,10.596635,,,,1,1,,-7,,,0,,0,1,,0,,,-7,,,,,,-7,,,,,,,0
0,3,5750,1994,1991,Georgia,Gamsakurdia & Abkaz,Georgian occupation,372,372,0,1,0,0,1,0,0,0,1,0,0,0,0,1,0,0,4,4,.00070249999,.00070249999,1,1,0,1,1,0,10,,6.9985094,8.6569548,0,0,0,0,0,0,0,0,0,1,0,0,0,0,2454.845916,-39.9866766,7.5606012,0,1,5,4,5,1,0,1,0,1,,0,8.5981607,0,,,,,,,,,,,,1.006838,0,0
1,5,200000,2003,2003,Georgia,Rose Revolution,Shevardnadze regime,372,372,1,0,0,1,0,0,1,0,0,0,0,0,0,1,0,0,5,5,,,0,0,0,1,0,0,0,6.2616825,3.0445225,12.206073,0,0,0,0,0,0,0,0,0,0,1,0,1,12.206073,4409.931553,6.39835449,,1,1,,5,,,0,1,0,1,,0,8.5093527,1.4344302,5,,4409.931553,,,,5,,,,,1.4344302,,1
0,4,10000,1994,1991,Azerbaijan,Armenians in Nagorno-Karabakh,Azeri occupation,373,373,0,1,0,0,1,0,0,1,0,0,0,0,0,1,0,0,-3,-3,.0012422,.0012422,1,0,1,1,1,0,3,,6.9985094,9.2103405,0,0,0,0,0,0,0,0,0,1,0,0,0,0,,,7.4804282,0,0,-7,-3,-7,-4,0,-4,0,1,,0,8.9222851,0,,,,,,,,,,,,1.032285,0,0
0,3,90000,1918,1918,Finland,communist rebels,Finnish government,375,375,0,1,0,1,0,0,0,0,1,0,0,0,0,0,1,0,8,8,.00089580001,.00089580001,1,1,0,1,0,0,,,4.0943446,11.407565,0,1,0,0,0,0,0,0,0,0,0,0,0,0,,,5.1929569,,,10,8,10,2,0,2,0,0,,0,,,8,.00089580001,,,,,8,0,1,0,0,,1,
0,4,8000,1944,1944,Norway,,Nazi occupation,385,255,1,0,1,0,0,0,0,1,0,0,0,0,0,0,1,0,,-9,,.15359829,1,0,1,1,1,1,0,,5.8861041,8.9871969,0,0,0,0,1,0,0,0,0,0,0,0,0,8.9871969,,,,,,10,,10,,,,,0,,0,,,-9,.15359829,,,,,,,,,,,1,
0,4,100000,1944,1944,Denmark,,Nazi occupation,390,255,1,0,1,0,0,0,0,1,0,0,0,0,0,0,1,0,,-9,,.15359829,1,0,1,1,1,1,0,,5.8861041,11.512925,0,0,0,0,1,0,0,0,0,0,0,0,0,11.512925,,,,,,10,,10,,,,,0,,0,,,-9,.15359829,,,,,,,,,,,1,
0,5,10000,1974,1963,Guinea-Biaasu,PAIGC,Portuguese occupation,404,235,0,1,1,0,0,0,1,0,0,0,0,0,0,0,0,1,,-9,,.0030562,1,0,0,1,0,1,0,7.615737,8.2977924,9.2103405,0,0,0,0,0,0,0,1,0,0,0,1,0,0,,,,0,0,,,-7,,,,,0,-8.1842985,0,6.4508967,0,-9,.0018709,107.1429151,,,,,,,,,1.4277613,0,0
0,3,7000,1994,1989,Mali,Tauregs,Mali regime,432,432,0,1,0,1,0,0,0,0,1,0,0,0,0,0,0,1,7,7,.00053070002,.00053070002,1,1,0,0,0,0,14,5.1998219,7.509335,8.8536654,0,0,0,0,0,0,0,0,0,1,0,0,0,0,819.0718798,3.516731479,6.6605749,0,0,6,7,6,-1,0,-1,0,0,-9.4149075,0,9.073307,0,-7,.00043270001,624.9011187999999,0,.33647224,.75435102,-7,1,0,0,0,.97579253,0,0
1,5,100000,1992,1989,Mali,,Military rule,432,432,1,0,0,1,0,0,1,0,0,0,0,0,0,0,0,1,,,.00051009998,.00051009998,1,1,0,0,0,0,,4.4907689,6.9985094,11.512925,0,0,0,0,0,0,0,0,0,1,0,0,0,11.512925,727.0218884,1.004824747,6.590301,1,1,6,7,6,6,7,7,,0,-9.7062778,0,9.0374327,1.2739154,-7,.00043270001,624.9011187999999,0,.33647224,.75435102,-7,1,0,0,0,1.2739154,0,0
0,4,5000,2000,2000,Senegal,,Diouf govt,433,433,1,0,0,1,0,0,0,1,0,0,0,0,0,0,0,1,-1,-1,.00066429999,.00066429999,1,1,0,0,0,0,0,4.1493063,5.8861041,8.5171928,0,0,0,0,0,0,0,0,0,0,1,0,1,8.5171928,1532.328639,5.685002476,7.8220439,0,1,,8,,,9,9,0,1,,0,9.1618786,.92963392,-1,.00066429999,1532.328639,1,0,.72749996,-1,0,1,0,0,.92963392,,0
1,4,,1990,1989,Benin,,Communist regime,434,434,1,0,0,1,0,0,0,1,0,0,0,0,0,0,0,1,-7,-7,.00031820001,.00031820001,1,1,0,0,1,0,0,4.3130784,5.8861041,,0,0,0,0,0,0,0,0,0,1,0,1,0,,895.6709126,-4.033771028,6.6957989,0,0,6,0,6,13,7,13,0,1,-11.087658,1,8.4147081,,-7,.00031169999,869.1407574,0,0,.62227798,-7,1,0,0,0,,0,0
0,3,10000,1992,1991,Niger,,Military rule,436,436,1,0,0,1,0,0,0,0,1,0,0,0,0,0,0,1,,,.00040379999,.00040379999,1,1,0,0,0,0,,2.4069483,5.9053617,9.2103405,0,0,0,0,0,0,0,0,0,1,0,0,0,9.2103405,766.5676119,-5.407248979,6.5439119,1,1,5,8,-6,4,7,-7,,0,-10.196517,0,8.967453,1.0270854,-7,.0003932,816.6479146,0,1.1314021,.63689995,-7,1,0,0,0,1.0270854,0,0
0,3,40000,2005,2002,Ivory Coast,PMIC,incumbent regime,437,437,0,1,0,1,0,0,0,0,1,0,0,0,0,0,0,1,,,,,1,1,0,0,0,1,,,6.9985094,10.596635,0,0,0,0,0,0,0,0,0,0,1,0,1,0,,,,1,1,,0,,,0,,,0,,0,9.7538691,0,4,.0010115,2606.822649,,,,4,0,1,0,0,1.0864033,,0
0,5,3000,1990,1989,Liberia,anti-Doe rebels,Doe regime,450,450,0,1,0,1,0,0,1,0,0,0,0,0,0,0,0,1,-6,-6,.0002103,.0002103,1,1,0,0,0,0,0,,6.3080983,8.0063677,0,0,0,0,0,0,0,0,0,1,0,1,0,0,753.1619816,-28.48535057,6.0867748,0,1,0,0,,6,6,6,0,1,-11.618286,0,7.8214025,0,-6,.0002065,1012.412108,0,.47000363,.89918202,-6,1,0,0,0,1.0236486,,0
0,4,10000,1995,1992,Liberia,NPFL & ULIMO,Johnson regime,450,450,0,1,0,1,0,0,0,1,0,0,0,0,0,0,0,1,,,.0001926,.0001926,1,1,0,0,0,0,,,6.9985094,9.2103405,0,0,0,0,0,0,0,0,0,1,0,0,1,0,155.0582942,-21.54251556,6.0402546,1,1,3,0,0,3,0,0,,0,,0,7.6291981,0,0,.0001984,466.7969318,1,.47000363,.89918202,0,1,0,0,0,1.2072488,0,0
0,3,10000,1996,1996,Liberia,national patriotic forces,Liberian govt,450,450,0,1,0,1,0,0,0,0,1,0,0,0,0,0,0,1,,,.0001985,.0001985,1,1,0,0,0,0,,,5.8861041,9.2103405,0,0,0,0,0,0,0,0,0,1,0,0,1,0,157.4768619,-.505965789,6.1202974,1,1,5,0,0,5,0,0,,0,,0,7.5906448,0,0,.0001985,157.4768619,1,.47000363,.89918202,0,1,0,0,0,1.2133805,0,0
0,5,6500,2003,2003,Liberia,LURD,Taylor regime,450,450,0,1,0,1,0,0,1,0,0,0,0,0,0,0,0,1,0,0,,,1,1,0,1,1,0,0,3.7625945,5.8861041,8.7795572,0,0,0,0,0,0,0,0,0,0,1,0,1,0,515.5027679999999,1.48671368,,1,1,,1,,,1,6,0,1,,0,8.0899458,0,0,,515.5027679999999,,,,0,,,,,1.085243,,0
0,4,5000,1996,1991,Sierra Leone,RUF,Republican government,451,451,0,1,0,1,0,0,0,1,0,0,0,0,0,0,0,1,-7,-7,.00025899999,.00025899999,1,0,0,1,0,0,0,,7.509335,8.5171928,0,0,0,0,0,0,0,0,0,1,0,0,0,0,879.6167615000001,4.56487484,6.4068799,0,0,5,4,,12,11,7,0,1,-11.699254,0,8.4132757,0,-7,.0002421,899.7450204,0,.9932518,.76399696,-7,1,0,0,0,1.0123515,,0
0,5,,1957,1951,Ghana,Convention People's Party movement,British rule,452,200,1,0,1,0,0,0,1,0,0,0,0,0,0,0,0,1,,10,,.049245302,1,0,1,0,0,0,0,,7.6916566,,0,0,0,0,0,1,0,0,0,0,0,1,0,,,,,0,1,,,-8,,,,,0,,1,8.7349911,,10,.061348699,,,,,,,,,,,0,0
0,5,,2000,2000,Ghana,,Rawlings govt,452,452,1,0,0,1,0,0,1,0,0,0,0,0,0,0,0,1,2,2,.00092279998,.00092279998,0,0,0,0,0,0,0,4.8771038,5.8861041,,0,0,0,0,0,0,0,0,0,0,1,0,1,,1403.928726,1.3128904,7.7676873,0,1,,2,,,0,6,0,1,,1,9.8605394,,2,.00092279998,1403.928726,0,0,.84605002,2,0,1,0,0,,,0
0,5,,1960,1955,Cameroon,anti-colonialist movement,French occupation,471,220,0,1,1,0,0,0,1,0,0,0,0,0,0,0,0,1,,5,,.0326146,1,0,1,0,0,0,-5,6.312932,7.6916566,,0,0,0,0,0,0,1,0,0,0,0,1,0,,,,,0,0,,,-6,,,,,0,,1,8.6165352,,10,.032968599,,,,,,,,,,,0,0
0,4,,1950,1945,Nigeria,Independence Movement,British occupation,475,200,1,0,1,0,0,0,0,1,0,0,0,0,0,0,0,1,,10,,.070787601,1,0,1,0,0,0,0,,7.509335,,0,0,0,0,0,1,0,0,0,0,0,0,0,,,,,,,,,,,,,,0,,1,,,10,.083234102,,,,,,,,,,,,
0,3,50500,1970,1967,Nigeria,Biafrans,Nigerian govt,475,475,0,1,0,0,1,0,0,0,1,0,0,0,0,0,0,1,-7,-7,.0051231999,.0051231999,1,0,0,1,1,1,-14,,6.9985094,10.829729,0,0,0,0,0,0,0,1,0,0,0,1,0,0,241.5364843,15.8188479,8.6569548,0,0,7,-7,-7,14,0,0,0,1,-7.02384,0,10.815279,0,-7,.0044840998,221.9249397,0,1.2237755,.80480003,-7,0,0,1,0,1.0013361,0,0
0,3,1000,1984,1980,Nigeria,Muslim fundamentalists,Nigerian govt,475,475,0,1,0,1,0,0,0,0,1,0,0,0,0,0,0,1,7,7,.0064929002,.0064929002,1,1,0,0,0,0,14,.94777238,7.2861919,6.9077554,0,0,0,0,0,0,0,0,1,0,0,1,0,0,616.219375,-5.992073802,9.1131687,0,0,-7,-7,-7,-14,-14,-14,0,0,,0,11.237185,0,7,.0065831002,578.4540403,0,1.2237755,.80480003,7,0,0,1,0,.61472291,0,0
0,3,300000,1995,1990,Nigeria,Ogoni movement,Nigerian govt and corporate exploitation,475,475,1,0,0,0,1,0,0,0,1,0,0,0,0,0,0,1,,,.0074363998,.0074363998,1,0,0,0,0,1,,5.5596809,7.509335,12.611538,0,0,0,0,0,0,0,0,0,1,0,0,0,12.611538,941.0232301999999,-1.781077046,9.7278242,0,1,4,-6,4,11,1,11,,0,-7.6035061,0,11.554644,1.0914692,-5,.0066371001,909.6035703,0,1.2237755,.80480003,-5,0,0,1,0,1.0914692,0,0
0,5,1000000,1999,1993,Nigeria,,Military rule,475,475,1,0,0,1,0,0,1,0,0,0,0,0,0,0,0,1,,,.0063104001,.0063104001,1,0,0,0,0,1,,3.6005962,7.6916566,13.815511,0,0,0,0,0,0,0,0,0,1,0,0,1,13.815511,1002.094193,-.466884072,9.9184256,1,1,,4,4,,5,5,,0,,0,11.670548,1.1837927,-5,.0071256999,981.8350977,0,1.2237755,.80480003,-5,0,0,1,0,1.1837927,0,0
0,5,1000,1997,1994,CAR,multiple factions,CAR regime,482,482,0,1,0,1,0,0,1,0,0,0,0,0,0,0,0,1,5,5,.00023239999,.00023239999,1,1,0,1,0,0,11,,6.9985094,6.9077554,0,0,0,0,0,0,0,0,0,1,0,0,1,0,817.928051,-4.966114252,6.5250297,1,1,-1,5,5,-6,0,0,0,1,,0,8.0899887,0,5,.0002199,762.8619345,0,1.686399,.79065001,5,1,0,0,0,.85386467,0,0
0,5,5000,1990,1966,Chad,Frolinat,Chadian government,483,483,0,1,0,1,0,0,1,0,0,0,0,0,0,0,0,1,-7,-7,.00049529999,.00049529999,1,1,0,1,1,0,2,6.1778612,9.0779514,8.5171928,0,0,0,0,0,0,0,0,0,1,0,1,0,0,744.8017775,2.078396778,6.5352411,0,1,-2,-7,-4,5,0,3,0,1,-8.0412693,0,8.6714153,0,-9,.00020379999,274.983454,1,2.2512918,.77248204,-9,1,0,0,0,.98221487,0,0
0,3,1000,1998,1994,Chad,rebels,Chadian regime,483,483,0,1,0,1,0,0,0,0,1,0,0,0,0,0,0,1,-2,-2,.00059269997,.00059269997,1,1,0,1,0,0,,,7.2861919,6.9077554,0,0,0,0,0,0,0,0,0,1,0,0,1,0,828.5614455,-1.987312878,7.0335064,0,1,-2,-2,-2,0,0,0,0,1,,0,8.9383831,0,-4,.00054139999,801.8414791,1,2.2512918,.77248204,-4,1,0,0,0,.77281934,0,0
0,5,,1999,1997,Congo-Brazzaville (ROC),Denis Sassou Nguemo,Lissouba regime,484,484,0,1,0,1,0,0,1,0,0,0,0,0,0,0,0,1,-6,-6,.0003704,.0003704,1,1,0,1,0,0,-11,6.2802458,6.3080983,,0,0,0,0,0,0,0,0,0,1,0,0,1,,1756.820402,13.99313726,7.4163785,1,1,,-6,-4,,0,2,0,1,,1,7.902184,,5,.00036529999,1791.066425,0,0,.87769997,5,1,0,0,0,,0,0
0,3,10000,1965,1960,Zaire/DRC,Katanga-led leftists,secession from DRC,490,490,0,1,0,0,1,0,0,0,1,0,0,0,0,0,0,1,-9,-9,.0015157,.0015157,1,1,0,1,0,0,,,6.9985094,9.2103405,0,0,0,0,0,0,1,0,0,0,0,1,0,0,,,7.2654295,0,0,-9,-9,-9,-3,-3,-3,3,1,,0,9.8093481,0,,,,,,,,,,,,.93893504,0,0
0,3,4000,1978,1977,Zaire/DRC,FLNC,DRC/Zaire regime,490,490,0,1,0,1,0,0,0,0,1,0,0,0,0,0,0,1,-9,-9,.0025094999,.0025094999,1,0,0,0,0,0,0,,5.8861041,8.2940493,0,0,0,0,0,0,0,1,0,0,0,1,0,0,409.7679727,-2.856004395,8.5902576,0,0,-9,-9,-9,0,0,0,0,1,,0,10.157213,0,-9,.0025279,400.2689449,0,1.6486586,.93255502,-9,0,1,0,0,.81656742,0,0
0,3,1000,1993,1993,Zaire/DRC,rebels (People's Revolutionary Party),Mobutu regime,490,490,0,1,0,1,0,0,0,0,1,0,0,0,0,0,0,1,,,.0034198,.0034198,1,1,0,0,0,0,,,5.8861041,6.9077554,0,0,0,0,0,0,0,0,0,1,0,0,1,0,653.3483216,-22.07826606,9.0330067,1,1,0,0,,0,0,0,,0,-7.1424656,0,10.609797,0,0,.0034198,653.3483216,0,1.6486586,.93255502,0,0,0,1,0,.65107328,,0
0,5,20000,1997,1996,Zaire/DRC,Kabila-ADFL,Mobutu regime,490,490,0,1,0,1,0,0,1,0,0,0,0,0,0,0,0,1,,,.0031961,.0031961,1,0,0,1,0,0,,.019821776,6.3080983,9.9034872,0,0,0,0,0,0,0,0,0,1,0,0,1,0,498.202151,-1.966093553,9.2510986,0,1,5,0,,5,0,0,,0,-8.3118067,0,10.749845,0,0,.0030745,482.0734837,0,1.6486586,.93255502,0,0,0,1,0,.92126793,,0
0,3,400,1966,1966,Uganda,Buganda Tribe,Uganda government,500,500,0,1,0,0,1,0,0,0,1,0,0,0,0,0,0,1,7,7,.00050590001,.00050590001,0,0,0,0,0,0,0,2.3115444,5.8861041,5.9914646,0,0,0,0,0,0,1,0,0,0,0,1,0,0,213.4845231,1.419713686,4.7706847,1,1,-7,0,-7,-14,-7,-14,0,0,-9.5727463,0,9.0347109,0,7,.00050590001,213.4845231,0,2.3418057,.92969799,7,1,0,0,0,.66316062,0,0
1,5,9000,1988,1980,Uganda,National Resistance Army,Okello regime,500,500,0,1,0,1,0,0,1,0,0,0,0,0,0,0,0,1,-7,-7,.00083660003,.00083660003,1,0,0,0,0,0,0,4.4846959,7.9793391,9.1049795,0,0,0,0,0,0,0,0,1,0,0,1,0,0,526.2471837000001,-3.86120011,6.4967752,0,1,-4,-7,-7,3,0,0,0,1,-11.17645,0,9.6387148,0,,.0007563,399.3484833,0,2.3418057,.92969799,,0,1,0,0,.94462591,0,0
0,3,4000,2006,1996,Uganda,LRA,Museveni government,500,500,0,1,0,1,0,0,0,0,1,1,0,0,0,0,0,1,,,,,1,0,0,0,1,0,,,8.3848038,8.2940493,0,0,0,0,0,0,0,0,0,0,1,0,1,0,,,,1,1,,-1,,,0,,,0,,0,,,-4,.0011446,856.8151722,1,2.3418057,.92969799,-4,0,1,0,0,,,0
0,3,,1938,1938,Kenya,,British rule,501,200,0,1,1,0,0,0,0,0,1,0,0,0,0,0,0,1,,10,,.077035397,1,0,0,0,0,0,0,,5.8861041,,0,0,0,1,0,0,0,0,0,0,0,0,0,,,,,,,,,,,,,,0,,1,,,10,.077035397,,,,,,,,,,,,
1,3,30000,1956,1952,Kenya,Mau Mau Rebellion,British occupation,501,200,0,1,1,0,0,0,0,0,1,0,0,0,0,0,0,1,,10,,.050593201,1,0,1,0,0,0,0,,7.2861919,10.308952,0,0,0,0,0,1,0,0,0,0,0,1,0,0,,,,,,,,,,,,,0,,0,8.858511,0,10,.058534499,246.66207,,,,,,,,,1.1637342,,
0,3,,1969,1964,Kenya,NFDLM secessionists,secession,501,501,0,1,0,0,1,0,0,0,1,0,0,0,0,0,0,1,0,0,.00082969997,.00082969997,1,0,0,1,0,0,,4.2801323,7.509335,,0,0,0,0,0,0,1,0,0,0,0,1,0,,349.9715249,-6.116395013,6.5235624,0,0,-7,-7,-7,-7,-7,-7,0,1,,1,9.2622108,,2,.00065240002,291.8105404,0,3.3068867,.85204399,2,0,1,0,0,,0,0
0,4,,1989,1989,Kenya,,Daniel Arap Moi,501,501,1,0,0,1,0,0,0,1,0,0,0,0,0,0,0,1,-7,-7,.0014126,.0014126,1,0,0,0,0,0,0,4.5264516,5.8861041,,0,0,0,0,0,0,0,0,1,0,0,1,0,,944.498591,3.239987794,7.5427437,0,0,-2,-7,-5,5,0,2,0,1,-9.3858843,1,10.021449,,-7,.0014126,944.498591,0,3.3068867,.85204399,-7,0,1,0,0,,0,0
0,3,120000,1906,1905,Tanzania/German East Africa,Maji Maji Revolt,German colonizers,510,255,0,1,1,0,0,0,0,0,1,0,0,0,0,0,0,1,,1,,.1230731,1,1,0,0,0,0,0,,6.3080983,11.695247,1,0,0,0,0,0,0,0,0,0,0,0,0,0,,,,,,,,2,,,,,0,,0,,,1,.1337571,,,,,,,,,,,0,
0,4,,1995,1992,Tanzania,pro-democracy movement,Mwinyi regime,510,510,1,0,0,1,0,0,0,1,0,0,0,0,0,0,0,1,-6,-6,.0018875001,.0018875001,0,0,0,0,0,0,1,3.6542883,6.9985094,,0,0,0,0,0,0,0,0,0,1,0,0,1,,428.6015304,-3.674675202,8.249052,0,0,1,-1,2,7,5,5,0,1,-8.0088701,1,10.278339,,-7,.0017335,427.9653219,0,3.122365,.95257503,-7,0,1,0,0,,0,0
0,3,2500,2002,1972,Burundi,Hutu rebellion,Tutsi hegemony in government,516,516,0,1,0,1,0,0,0,0,1,0,0,0,0,0,0,1,,,.00060819997,.00060819997,1,0,0,0,0,0,,6.3143268,9.301095,7.8240461,0,0,0,0,0,0,0,0,0,0,1,0,0,0,719.1522165,2.349117896,5.9989367,0,1,,2,,,2,6,,0,-7.7524233,0,8.6721039,0,-7,.0001955,226.7426685,0,4.3241324,.3276,-7,1,0,0,0,.90220851,,0
0,3,2500,1992,1991,Burundi,Tutsi supremacists,Hutu regime,516,516,0,1,0,1,0,0,0,0,1,0,0,0,0,0,0,1,-7,-7,.00031179999,.00031179999,1,0,0,0,0,0,0,4.2647896,6.3080983,7.8240461,0,0,0,0,0,0,0,0,0,1,0,0,0,0,830.0539826,3.328311832,5.5093884,0,0,0,-3,-5,7,4,2,0,1,-11.081143,0,8.5928612,0,-7,.00029689999,775.3404958,0,4.3241324,.3276,-7,1,0,0,0,.91052866,0,0
0,5,,1961,1956,Rwanda,Rwandan independence,Belgain occupation,517,211,0,1,1,0,0,0,1,0,0,0,0,0,0,0,0,1,,10,,.0072503001,1,0,0,0,0,0,0,,7.509335,,0,0,0,0,0,0,1,0,0,0,0,1,0,,,,,,,,,-5,,,,,0,,1,8.0169115,,10,.007855,,,,,,,,,,,0,
0,3,,1964,1963,Rwanda,Watusi,Hutu regime,517,517,0,1,0,1,0,0,0,0,1,0,0,0,0,0,0,1,-5,-5,.0001661,.0001661,1,0,0,0,0,0,,,6.3080983,,0,0,0,0,0,0,1,0,0,0,0,1,0,,193.1836601,-13.24549368,,0,0,-7,-5,-5,-2,0,0,0,1,,1,8.0484686,,-5,.0001621,219.2859323,1,4.3094559,.18000007,-5,1,0,0,0,,0,0
0,4,15000,1993,1990,Rwanda,Tutsi rebels,Hutu regime,517,517,0,1,0,1,0,0,0,1,0,0,0,0,0,0,0,1,-7,-7,.00047209999,.00047209999,1,1,0,1,0,0,0,5.4998283,6.9985094,9.6158056,0,0,0,0,0,0,0,0,0,1,0,0,0,0,1135.094562,2.246801222,5.4071717,1,1,-4,-7,-6,3,0,1,0,1,-8.6897631,0,8.8994007,0,-7,.0003284,989.4268174,0,4.3094559,.18000007,-7,1,0,0,0,1.0805004,0,0
0,5,15000,1994,1994,Rwanda,Patriotic Front,Hutu regime and genocide,517,517,0,1,0,1,0,0,1,0,0,0,0,0,0,0,0,1,,,.00045719999,.00045719999,1,1,0,0,0,1,,,5.8861041,9.6158056,0,0,0,0,0,0,0,0,0,1,0,0,1,0,1042.19085,-13.26755322,5.3565865,1,1,-3,-6,-6,4,1,1,,0,-8.9028559,0,8.9211836,0,-7,.00045719999,1042.19085,1,4.3094559,.18000007,-7,1,0,0,0,1.0778621,0,0
1,5,2000,1997,1982,Somalia,clan factions; SNM,Siad Barre regime,520,520,0,1,0,1,0,0,1,0,0,0,0,0,0,0,0,1,,,.0004744,.0004744,1,1,0,1,0,0,,4.960464,8.6079473,7.6009026,0,0,0,0,0,0,0,0,0,1,0,0,0,0,710.7302306,1.121140402,6.280396,1,1,0,0,,0,0,0,,0,,0,8.7735176,0,-7,.00073000003,663.6573368000001,1,2.6100698,.81169999,-7,0,1,0,0,.86634606,,0
0,5,6000,1994,1992,Somalia,Somalia militia insurgencies,U.S. and UN relief missions,520,2,0,1,1,0,0,0,1,0,0,0,0,0,0,0,0,1,,10,.00044890001,.136481,1,1,0,0,1,0,0,8.1653357,6.5930448,8.6995144,0,0,0,0,0,0,0,0,0,1,0,0,1,0,853.0857409,.658459203,6.1675167,0,1,0,0,,0,0,0,,0,,0,8.7094564,0,10,.1364806,856.9952547,2,2.6100698,.81169999,0,1,0,0,0,.99885845,,0
0,3,4500,1994,1991,Djibouti,Afar insurgency,Djibouti regime,522,522,0,1,0,1,0,0,0,0,1,0,0,0,0,0,0,1,-7,-7,.0001239,.0001239,1,0,0,1,0,0,1,6.7053943,6.9985094,8.4118328,0,0,0,0,0,0,0,0,0,1,0,0,0,0,3987.843251,5.153071312,5.8021183,1,1,2,-7,2,9,0,1,0,1,-10.172675,0,5.9744711,0,-8,.000085599997,3304.371361,0,1.5892352,.60580003,-8,1,0,0,0,1.4079628,0,0
0,5,40000,1991,1974,Ethiopia,Eritrean-led rebels,Ethiopian government,530,530,0,1,1,0,0,0,1,0,0,0,0,0,0,0,0,1,-8,-8,.0036629001,.0036629001,1,1,1,0,1,1,1,5.5329547,8.7331104,10.596635,0,0,0,0,0,0,0,0,0,1,0,1,0,0,399.2221413,7.76939728,7.7819734,1,1,,0,-6,,8,,0,1,-6.2584553,0,10.778086,0,-9,.0017744,166.0071906,0,4.2682977,.76026601,-9,0,1,0,0,.98316485,0,0
0,3,20000,1983,1976,Ethiopia,Somali rebels (Ogaden),Ethiopian occupation of Ogaden,530,530,0,1,1,0,0,0,0,0,1,0,0,0,0,0,0,1,-7,-7,.0030427,.0030427,1,1,1,1,1,1,2,5.1503391,7.8458076,9.9034872,0,0,0,0,0,0,0,0,1,0,0,1,0,0,338.4953384,-2.027726428,7.4157772,0,1,0,-7,-8,7,0,-1,0,1,-6.66992,0,10.541135,0,-7,.0017987,195.7714228,1,4.2682977,.76026601,-7,0,1,0,0,.93950862,0,0
0,5,30000,1991,1978,Ethiopia,Tigrean Liberation Front,Ethiopian government,530,530,0,1,0,0,1,0,1,0,0,0,0,0,0,0,0,1,-8,-8,.0036629001,.0036629001,1,1,0,0,1,1,-1,5.3154202,8.4648466,10.308952,0,0,0,0,0,0,0,0,0,1,0,1,0,0,399.2221413,7.76939728,7.7819734,1,1,,0,-6,,8,,0,1,-6.229671,0,10.778086,0,-7,.0032454,219.4431631,1,4.2682977,.76026601,-7,0,0,1,0,.95647341,0,0
0,3,1000,1952,1945,Eritrea,Shifta insurgency,UK occupation,531,200,0,1,1,0,0,0,0,0,1,0,0,0,0,0,0,1,,10,,.058534499,1,0,0,0,0,0,0,,7.8458076,6.9077554,0,0,0,0,0,1,0,0,0,0,0,0,0,0,,,,,,,,,,,,,0,,0,7.2584262,0,10,.083234102,,,,,,,,,,.95168775,,
0,5,11400,1974,1961,Angola,Popular Movement for the Liberation of Angola,Portuguese occupation,540,235,0,1,1,0,0,0,1,0,0,0,0,0,0,0,0,1,,-9,,.0030562,1,1,0,1,0,1,0,7.6661515,8.4648466,9.3413687,0,0,0,0,0,0,0,1,0,0,0,1,0,0,,,,,,,,-7,,,,,0,-6.7826214,0,9.0885353,0,-9,.0018553,,,,,,,,,,1.0278189,0,
0,4,50000,2001,1975,Angola,UNITA,Angolan government,540,540,0,1,0,1,0,0,0,1,0,0,0,0,0,0,0,1,-3,-3,.0018977,.0018977,1,1,0,1,1,0,,,9.1579943,10.819778,0,0,0,0,0,0,0,0,0,0,1,0,0,0,1974.977388,,7.8663387,1,1,,-3,,,0,1,0,1,,0,9.2439671,0,,,,,,,,,,,,1.1704692,,1
0,5,10000,1972,1963,Mozambique,Front for the Liberation of Mozambique,Portuguese occupation,541,235,0,1,1,0,0,0,1,0,0,0,0,0,0,0,0,1,,-9,,.002902,1,0,0,1,0,1,0,7.2133193,8.0971222,9.2103405,0,0,0,0,0,0,0,1,0,0,0,1,0,0,,,,,,,,-8,,,,,0,-6.9137735,0,9.1631498,0,-9,.0018709,187.8381804,,,,,,,,,1.0051501,0,
1,3,20000,1992,1979,Mozambique,Renamo,Mozambique government,541,541,0,1,0,1,0,0,0,0,1,0,0,0,0,0,0,1,-6,-6,.0012033,.0012033,1,0,0,1,1,0,2,6.0610137,8.4648466,9.9034872,0,0,0,0,0,0,0,0,0,1,0,0,0,0,894.2861128,-2.134126726,7.4999766,0,0,6,-6,6,12,0,12,0,1,-7.6166253,0,9.4658909,0,-8,.00077330001,501.0152087,1,1.2237755,.76528198,-8,0,1,0,0,1.0462288,0,0
1,5,,1963,1961,Zambia,,British rule,551,200,1,0,1,0,0,0,1,0,0,0,0,0,0,0,0,1,,10,,.037752301,0,0,0,0,0,0,0,5.7253804,6.5930448,,0,0,0,0,0,0,1,0,0,0,0,1,0,,,,,,,,,4,,,,,0,,1,8.1628017,,10,.042395901,502.1304397,,,,,,,,,,0,
0,4,23000,1991,1990,Zambia,,One-party rule,551,551,1,0,0,1,0,0,0,1,0,0,0,0,0,0,0,1,-9,-9,.0007413,.0007413,1,1,0,0,0,0,0,,5.9053617,10.043249,0,0,0,0,0,0,0,0,0,1,0,1,0,10.043249,1036.731156,-11.01309879,7.7514753,0,0,1,6,1,10,15,15,0,1,-10.600642,0,8.97153,1.1194578,-9,.00076319999,1070.440971,0,.18232156,.72580004,-9,0,1,0,0,1.1194578,0,0
0,5,,2001,2001,Zambia,,Chiluba regime,551,551,1,0,0,1,0,0,1,0,0,0,0,0,0,0,0,1,1,1,.00077769998,.00077769998,0,0,0,0,0,0,0,3.5951192,5.8861041,,0,0,0,0,0,0,0,0,0,0,1,0,1,,865.6493975,3.622603886,8.03722,0,1,,5,,,4,4,0,1,-10.886989,1,9.1899881,,1,.00077769998,865.6493975,,,,1,0,1,0,0,,,0
0,5,1000,1980,1974,Zimbabwe,Zimbabwe African People's Union,Smith/Muzorena regime,552,200,0,1,0,1,0,0,1,0,0,0,0,0,0,0,0,1,,10,.0010499,.0010499,1,0,0,0,1,0,6,6.4945703,7.6916566,6.9077554,0,0,0,0,0,0,0,0,1,0,0,1,0,0,1542.358501,8.269804272,6.906755,0,0,-6,4,1,-10,0,-3,,0,-7.9028187,0,8.83741,0,10,.027170001,1064.686464,1,1.3609766,.36620003,4,0,1,0,0,.78164929,0,0
0,4,500,1987,1983,Zimbabwe,PF-ZAPU guerillas,Mugabe regime,552,552,0,1,0,1,0,0,0,1,0,0,0,0,0,0,0,1,1,1,.0010778001,.0010778001,1,0,0,0,0,0,-3,,7.2861919,6.2146082,0,0,0,0,0,0,0,0,1,0,0,1,0,0,2117.396102,-3.283480179,7.3530817,0,0,-6,-6,-6,-7,-7,-7,0,1,-10.48688,0,9.0913935,0,4,.0010891,2152.027776,0,1.3609766,.36620003,4,0,1,0,0,.6835705,0,0
1,5,,1959,1958,Malawi,Nyasaland African Congress,British rule,553,200,1,0,1,0,0,0,1,0,0,0,0,0,0,0,0,1,,10,,.045252699,1,0,0,0,0,0,0,5.5570598,5.8861041,,0,0,0,0,0,1,0,0,0,0,0,1,0,,,,,,,,,,,,,,0,,1,6.3243589,,10,.0473576,95.08648803,,,,,,,,,,,
0,5,10000,1994,1992,Malawi,,Banda regime,553,553,1,0,0,1,0,0,1,0,0,0,0,0,0,0,0,1,-8,-8,.00048839999,.00048839999,0,0,0,0,0,1,1,4.136126,6.5930448,9.2103405,0,0,0,0,0,0,0,0,0,1,0,0,1,9.2103405,609.7219376,10.91822828,6.6306834,0,0,5,6,6,13,14,14,0,1,-9.6503973,0,9.2100267,1.0000341,-9,.00045960001,616.7714839,0,2.2823825,.82889998,-9,1,0,0,0,1.0000341,0,0
1,3,10000,1902,1899,South Africa,Boer separatists,British occupation,560,200,0,1,1,0,0,0,0,0,1,0,0,0,0,0,0,1,,8,,.1742108,1,0,1,0,0,0,1,,6.9985094,9.2103405,1,0,0,0,0,0,0,0,0,0,0,0,0,0,,,,,,,,,,,,,0,-6.0806446,0,,,,,,,,,,,,,,,,
0,3,10000,1961,1952,South Africa,Defiance Campaign,Apartheid,560,560,1,0,0,0,0,1,0,0,1,0,0,0,0,0,0,1,4,4,.0046851002,.0046851002,1,0,0,0,0,0,0,,8.0971222,9.2103405,0,0,0,0,0,0,1,0,0,0,0,1,0,9.2103405,985.6931492,2.307522591,7.9505024,1,1,4,4,4,0,0,0,0,1,,0,9.7651815,.94318169,4,.0050591002,722.2044758,0,2.1633229,.87957501,4,0,0,1,0,.94318169,0,0
0,5,200000,1994,1984,South Africa,Anti-Apartheid,Apartheid,560,560,1,0,0,0,0,1,1,0,0,0,0,0,0,0,0,1,,,.0080386,.0080386,1,1,0,1,0,1,,7.5575824,7.8823147,12.206073,0,0,0,0,0,0,0,0,0,1,0,0,0,12.206073,6557.303459,.105633866,9.2664375,0,0,9,9,9,1,1,1,,0,-7.4925861,0,10.578233,1.1538858,4,.0074103,5167.94147,1,2.1633229,.87957501,4,0,0,1,0,1.1538858,1,0
0,5,7500,1988,1976,Namibia,SWAPO,South African occupation,565,560,0,1,1,0,0,0,1,0,0,0,0,0,0,0,0,1,,4,,.0078740995,1,1,0,1,1,0,0,8.1719608,8.2977924,8.922658,0,0,0,0,0,0,0,0,1,0,0,1,0,0,,,,,,,,6,,,,,0,-6.1583223,0,7.0866542,0,4,.0062047001,1846.206568,,,,,,,,,1.2590791,0,
0,3,5500,1948,1947,Madagascar,Franco-Madagascan,French occupation,580,220,0,1,1,0,0,0,0,0,1,0,0,0,0,0,0,1,,10,,.0349788,1,0,0,0,0,0,13,,6.3080983,8.6125031,0,0,0,0,1,0,0,0,0,0,0,0,0,0,,,,,,,,,,,,,0,,0,,,10,.031308301,,,,,,,,,,,,
0,5,400000,1993,1991,Madagascar,Active Voices,Didier Radsiraka,580,580,1,0,0,1,0,0,1,0,0,0,0,0,0,0,0,1,9,9,.00070019998,.00070019998,1,0,0,0,0,0,15,3.0973866,6.5930448,12.89922,0,0,0,0,0,0,0,0,0,1,0,0,0,12.89922,731.9877093,-6.117768554,6.5638556,0,0,7,9,7,-2,0,-1,0,0,-10.141746,0,9.4100437,1.3707927,-6,.00060560001,753.547862,0,3.5204608,.86148202,-6,1,0,0,0,1.3707927,1,0
0,5,500000,2003,2002,Madagascar,pro-democracy movement,Radsiraka regime,580,580,1,0,0,1,0,0,1,0,0,0,0,0,0,0,0,1,7,7,,.0000174,0,0,0,0,0,0,0,,6.3080983,13.122363,0,0,0,0,0,0,0,0,0,0,1,0,1,13.122363,764.6970493,-12.81146645,,1,1,,7,,,0,0,0,0,,0,9.709507,1.3514963,7,.00083829998,887.2624353,,,,7,0,1,0,0,1.3514963,,0
0,3,,1908,1907,Morocco,Fez Caids Rebellion,French occupation,600,220,0,1,1,0,0,0,0,0,1,0,0,0,0,0,0,1,,8,.0012535,.070361398,1,0,0,0,0,0,0,,7.6916566,,1,0,0,0,0,0,0,0,0,0,0,0,0,,,,4.9416423,,,-5,-6,8,1,0,0,,0,,1,,,8,.069417097,,,,,-6,0,1,0,0,,1,
1,3,,1917,1911,Morocco,Wars of Independence,French occupation,600,220,0,1,1,0,0,0,0,0,1,0,0,0,0,0,0,1,,8,,.085813999,1,0,1,0,0,0,0,,7.6916566,,0,1,0,0,0,0,0,0,0,0,0,0,0,,,,,,,,,9,,,,,0,-4.1699781,1,,,8,.070468202,,,,,-6,0,1,0,0,,1,
0,3,120000,1926,1921,Morocco,Rifian Rebellion,Franco-Spanish occupation,600,220,0,1,1,0,0,0,0,0,1,0,1,0,0,0,0,0,,9,,.060170699,1,0,0,0,0,0,1,,7.509335,11.695247,0,0,1,0,0,0,0,0,0,0,0,0,0,0,,,,,,,,10,,,,,0,,0,,,9,.0581747,,,,,,,,,,,1,
0,5,,1956,1953,Morocco,Moroccan Independence War,French/Spanish occupation,600,220,0,1,1,0,0,0,1,0,0,0,0,0,0,0,0,1,,10,,.0306307,1,0,1,0,1,0,0,5.3498182,6.9985094,,0,0,0,0,0,1,0,0,0,0,0,1,0,,,,,0,0,,,-5,,,,,0,,1,9.2856035,,10,.033362199,247.5503331,,,,,,,,,,0,0
0,3,12000,1958,1957,Morocco,Ifni war,Spanish occupation,600,230,0,1,1,0,0,0,0,0,1,0,0,0,0,0,0,1,-5,-7,.0016414,.0107398,1,0,0,0,0,0,0,5.1744533,6.3080983,9.392662,0,0,0,0,0,1,0,0,0,0,0,1,0,0,239.9048912,-4.02301708,7.3664451,0,0,-9,-5,-3,-4,0,1,0,1,,0,9.3419256,0,-7,.0107221,246.1058785,0,3.854394,.47869998,-5,0,1,0,0,1.0054311,0,0
1,4,1500,1991,1975,Western Sahara,Western Sahara Freedom Movement (POLISARIO),Moroccan occupation,600,600,0,1,1,0,0,0,0,1,0,0,0,0,0,0,0,1,-8,-8,.0034453999,.0034453999,0,0,0,0,0,0,1,7.7508388,8.6724863,7.3132205,0,0,0,0,0,0,0,0,0,1,0,1,0,0,3006.253855,.929159909,9.0200272,0,0,-6,-8,-7,2,0,1,0,1,-6.6250606,0,,,-9,.0023608999,869.9250514,0,3.854394,.47869998,-9,0,1,0,0,,0,0
0,5,39000,1962,1952,Algeria,Algerian Revolt/National Liberation Front,French occupation,615,220,0,1,1,0,0,0,1,0,0,0,0,0,0,0,0,1,-8,5,,.0304155,1,1,1,1,0,0,-5,,8.2024822,10.571317,0,0,0,0,0,0,1,0,0,0,0,1,0,0,,,,0,0,,,-9,,,,,1,,0,10.742406,0,10,.032991499,,,,,,,,,,.98407346,0,0
1,3,40000,1963,1962,Algeria,former rebel leaders,Ben Bella regime,615,615,0,1,0,1,0,0,0,0,1,0,0,0,0,0,0,1,-8,-8,.0014771,.0014771,1,1,0,0,0,0,,,6.3080983,10.596635,0,0,0,0,0,0,1,0,0,0,0,1,0,0,457.7087975,-25.78922343,7.09091,0,0,-9,-8,-9,-1,0,-1,0,1,,0,9.3057365,0,,,534.0115984,,,,,,,,,1.1387208,0,0
0,3,12500,2006,1992,Algeria,Islamic Salvation Front,Algerian government,615,615,0,1,0,1,0,0,0,0,1,1,0,0,0,0,0,1,,,,,1,1,0,0,0,1,,,8.6079473,9.4334841,0,0,0,0,0,0,0,0,0,0,1,0,1,0,,,,1,1,,2,,,0,,,0,,0,,,-2,.0053601,4451.755036,0,2.8154087,.31999999,-2,0,0,1,0,,,0
0,5,1600,1954,1952,Tunisia,Tunisian independence movement,French occupation,616,220,0,1,1,0,0,0,1,0,0,0,0,0,0,0,0,1,,10,,.03176,1,0,0,0,0,0,0,,6.9985094,7.377759,0,0,0,0,0,1,0,0,0,0,0,1,0,0,,,,,,,,-9,,,,,0,-4.1369119,0,8.2197304,0,10,.032991499,,,,,,,,,,.89756703,0,
0,3,100000,1932,1920,Libya,Italo-Libyan War (Sanusi),Italian occupation,620,325,0,1,1,0,0,0,0,0,1,0,1,0,0,0,0,0,,-9,,.0328862,1,0,1,0,0,0,-8,,8.3848038,11.512925,0,0,0,1,0,0,0,0,0,0,0,0,0,0,,,,,,,,,,,,,0,,0,,,-1,.044990201,,,,,,,,,,,,
0,4,10000,1973,1962,Sudan,Anya Nya,Sudanese government,625,625,0,1,0,0,1,0,0,1,0,0,0,0,0,0,0,1,-7,-7,.0012586,.0012586,1,0,0,1,1,0,0,,8.2977924,9.2103405,0,0,0,0,0,0,0,1,0,0,0,1,0,0,301.0646873,.395523825,6.7604146,1,1,-7,-7,-7,0,0,0,0,1,-7.8378911,0,9.5885725,0,-7,.00091340003,,0,2.0149031,.70797503,-7,0,1,0,0,.96055388,0,0
1,4,2500,2005,1983,Sudan,SPLA-Garang faction,Sudanese government,625,625,0,1,0,1,0,0,0,1,0,0,0,0,0,0,0,1,,,,,1,1,0,0,1,0,,,8.9909401,7.8240461,0,0,0,0,0,0,0,0,0,0,1,0,0,0,,,,1,1,,-4,,,2,,,0,,0,10.567302,0,-7,.0018594,678.3860386,0,2.0149031,.70797503,-7,0,1,0,0,.74040151,,0
1,5,,1985,1985,Sudan,,Jaafar Nimiery,625,625,1,0,0,1,0,0,1,0,0,0,0,0,0,0,0,1,-7,-7,.0017601,.0017601,1,1,0,0,0,0,0,,2.6390574,,0,0,0,0,0,0,0,0,1,0,0,1,0,,652.316653,-4.513138359,7.9655457,0,0,-7,0,-7,0,7,0,0,1,,1,10.023165,,-7,.0017601,652.316653,1,2.0149031,.70797503,-7,0,1,0,0,,0,0
0,3,10000,2006,2003,Sudan,JEM/SLA,Janjaweed militia,625,625,0,1,0,0,0,1,0,0,1,1,0,0,0,0,0,1,,,,,1,1,0,1,0,1,,,6.9985094,9.2103405,0,0,0,0,0,0,0,0,0,0,1,0,1,0,,,,1,1,,-4,,,0,,,0,,0,,,-6,,1169.905697,,,,-6,,,,,,,0
0,5,12000,1909,1908,Iran,Constitutionalists,shah regime,630,630,0,1,0,1,0,0,1,0,0,0,1,0,0,0,0,0,,,.0053677,.0053677,1,0,0,0,0,0,,,6.3080983,9.392662,1,0,0,0,0,0,0,0,0,0,0,0,0,0,,,6.1800165,,,0,0,,0,0,0,,0,-6.4653797,0,,,0,.0039277002,,,,,0,0,0,1,0,,,
1,5,2000000,1979,1977,Iran,Iranian Revolution,Shah Reza Pahlavi,630,630,1,0,0,1,0,0,1,0,0,0,1,0,0,0,0,0,-10,-10,.0113004,.0113004,1,0,0,0,1,0,0,6.6953168,6.3080983,14.508657,0,0,0,0,0,0,0,1,0,0,0,1,0,14.508657,3566.489607,-15.01075034,9.3114519,1,1,-6,-10,-6,4,0,4,0,1,-6.4299693,0,10.508722,1.38063,-10,.0113906,3658.127381,0,3.6712246,.6688,-10,0,0,0,1,1.38063,0,1
0,3,10000,1996,1979,Iran,KDPI,Iranian regime,630,630,0,1,0,1,0,0,0,0,1,0,1,0,0,0,0,0,-6,-6,.0128853,.0128853,1,1,1,1,1,0,4,7.236599,8.7331104,9.2103405,0,0,0,0,0,0,0,0,0,1,0,0,0,0,5047.485884,-4.249453953,10.099342,1,1,-6,-6,3,0,0,9,0,1,-6.5058298,0,11.033683,0,-10,.0112763,3353.467948,1,3.6712246,.6688,-10,0,0,0,1,.83474761,0,1
0,3,1000,1982,1981,Iran,Mujahideen,Khomenei regime,630,630,0,1,0,1,0,0,0,0,1,0,1,0,0,0,0,0,,,.0081716999,.0081716999,1,0,1,0,0,0,,4.8852239,6.3080983,6.9077554,0,0,0,0,0,0,0,0,1,0,0,1,0,0,3485.792239,-17.31678984,9.5876122,1,1,-6,-6,-6,-2,-2,-2,,0,,0,10.627892,0,-2,.0081745004,3672.412257,1,3.6712246,.6688,-2,0,0,1,0,.64996481,0,0
0,3,30000,1903,1903,Ottoman Empire,VMRO Rebels (Macedonians) in Ilinden uprising,Ottoman rule,640,640,0,1,0,0,1,0,0,0,1,0,1,0,0,0,0,0,-10,-10,.016582999,.016582999,1,0,0,0,0,0,0,,5.8861041,10.308952,1,0,0,0,0,0,0,0,0,0,0,0,0,0,,,6.7719355,,,-1,-10,-4,9,0,0,0,1,,0,,,-10,.016582999,,,,,-10,0,0,0,1,,0,
0,4,3000,1918,1916,Turkey,Arab Revolt,Ottoman rule,640,640,0,1,0,0,1,0,0,1,0,0,1,0,0,0,0,0,-1,-1,.0063602999,.0063602999,1,0,1,1,0,0,0,,6.5930448,8.0063677,0,1,0,0,0,0,0,0,0,0,0,0,0,0,,,6.9382844,,,-6,,-6,-5,,1,0,1,,0,,,-1,.0090407003,,,,,-1,0,0,1,0,,0,
0,3,15000,1922,1920,Turkey,Kockiri rebellion Kurdistan (KTC),Kurdish secession,640,640,0,1,0,0,1,0,0,0,1,0,1,0,0,0,0,0,,,.0062324,.0062324,1,1,1,0,0,0,,,6.5930448,9.6158056,0,0,1,0,0,0,0,0,0,0,0,0,0,0,,,6.5638556,,,-6,0,-6,,,,,0,,0,,,,.0058225999,,,,,,0,0,1,0,,0,
0,3,3000,1927,1924,Turkey,Sheikh Said insurgency,Kemal regime,640,640,0,1,0,1,0,0,0,0,1,0,1,0,0,0,0,0,-6,-6,.0078236004,.0078236004,1,0,0,0,0,0,,,6.9985094,8.0063677,0,0,1,0,0,0,0,0,0,0,0,0,0,0,,,6.650279,,,-7,-6,-6,-1,0,0,0,1,-6.4432664,0,,,-6,.0065993001,,,,,-6,0,0,1,0,,0,
0,3,5000,1997,1991,Turkey,Kurdish rebellion,Turkish government,640,640,0,1,0,0,1,0,0,0,1,0,1,0,0,0,0,0,8,8,.016217301,.016217301,1,1,0,0,0,0,1,7.3231974,7.6916566,8.5171928,0,0,0,0,0,0,0,0,0,1,0,0,0,0,5016.452886,5.661525556,10.06739,0,1,7,7,7,-1,-1,-1,0,0,-5.7082124,0,11.062593,0,9,.0122559,3987.129015,1,4.2808242,.29850399,9,0,0,0,1,.7699092,1,0
,4,,1920,1920,Iraq,Iraqi rebels,British occupation,645,200,0,1,1,0,0,0,0,1,0,0,1,0,0,0,0,0,,8,,.1109749,1,0,1,0,0,0,0,,5.8861041,,0,0,1,0,0,0,0,0,0,0,0,0,0,,,,,,,,,-4,,,,,0,,1,,,8,.1109749,,,,,,,,,,,0,
1,3,,1959,1959,Iraq,Shammar Tribe and pro-Western officers,Qassim regime,645,645,0,1,0,1,0,0,0,0,1,0,1,0,0,0,0,0,-5,-5,.0017803001,.0017803001,1,0,0,0,1,0,-1,,5.8861041,,0,0,0,0,0,1,0,0,0,0,0,1,0,,,,7.2348986,1,1,-7,-5,-5,-2,0,0,0,1,-8.1164055,1,8.7692118,,-5,.0017803001,,0,1.9459101,.54896104,-5,0,1,0,0,,0,0
1,3,30000,1975,1961,Iraq,Kurdish rebellion,Iraqi government,645,645,0,1,0,0,1,0,0,1,0,0,1,0,0,0,0,0,-7,-7,.0031955999,.0031955999,1,0,0,1,1,0,-2,,8.5389547,10.308952,0,0,0,0,0,0,0,1,0,0,0,1,0,0,694.1768766,.604212207,8.4046965,0,1,-9,-7,-9,-2,0,-2,0,1,-6.500958,0,9.2830257,0,-5,.0019465,,0,1.9459101,.54896104,-5,0,1,0,0,1.1105164,0,0
0,3,5000,1993,1985,Iraq,Kurdish rebellion,secession,645,645,0,1,0,0,1,0,0,0,1,0,1,0,0,0,0,0,-9,-9,.0061643999,.0061643999,1,1,1,1,0,1,0,,8.3848038,8.5171928,0,0,0,0,0,0,0,0,0,1,0,0,0,0,999.0320411,24.2381103,9.5479546,0,0,-9,-9,-9,0,0,0,0,1,,0,9.7904253,0,-9,.0099761998,1765.049339,0,1.9459101,.54896104,-9,0,0,1,0,.86995125,0,0
0,3,4000,1991,1991,Iraq,Shiite rebellion,Hussein regime,645,645,0,1,0,1,0,0,0,0,1,0,1,0,0,0,0,0,-9,-9,.0127073,.0127073,1,0,1,1,0,1,0,,3.4011974,8.2940493,0,0,0,0,0,0,0,0,0,1,0,1,0,0,2108.742315,-6.2278975,9.4950686,0,0,-9,-9,-9,0,0,0,0,1,-6.3957105,0,9.805582,0,-9,.0127073,2108.742315,0,1.9459101,.54896104,-9,0,0,0,1,.84584975,0,0
0,3,40000,1996,1996,Iraq,KDP Kurds,Iraqi government,645,645,0,1,0,0,1,0,0,0,1,0,1,0,0,0,0,0,-9,-9,.0065581002,.0065581002,1,1,0,1,0,1,0,,5.8861041,10.596635,0,0,0,0,0,0,0,0,0,1,0,0,1,0,1238.335814,-18.91650392,9.6244345,0,1,,-9,-9,,0,0,0,1,-7.8399205,0,9.8811016,0,-9,.0065581002,1238.335814,0,1.9459101,.54896104,-9,0,0,1,0,1.0724143,0,0
0,3,100000,2006,2003,Iraq,Iraqi insurgency,Iraqi government,645,2,0,1,0,1,0,0,0,0,1,1,1,0,0,0,0,0,,,,,1,1,1,0,1,0,,,7.2861919,11.512925,0,0,0,0,0,0,0,0,0,0,1,0,1,0,,,,1,1,,,,,,,,0,,0,,,10,,2374.107676,,,,-9,,,,,,,0
0,4,5000,2005,2000,Egypt,Kifaya,Mubarak regime,651,651,1,0,0,1,0,0,0,1,0,0,1,0,0,0,0,0,-6,-6,,,1,1,0,0,0,0,0,,7.509335,8.5171928,0,0,0,0,0,0,0,0,0,0,1,0,1,8.5171928,,,,1,1,,-3,,,3,,0,1,,0,11.240594,.75771731,-6,.0092000002,4301.870251,0,.69314718,.16379994,-6,0,0,1,0,.75771731,,0
0,3,,1920,1920,Syria,Franco-Syrian War,French occupation,652,220,0,1,1,0,0,0,0,0,1,0,1,0,0,0,0,0,,9,,.061322398,1,0,0,0,0,0,1,,5.8861041,,0,0,1,0,0,0,0,0,0,0,0,0,0,,,,,,,,,,,,,,0,,1,,,9,.061322398,,,,,,,,,,,,
0,3,30000,1982,1980,Syria,Muslim Brotherhood,Syrian regime,652,652,0,1,0,1,0,0,0,0,1,0,1,0,0,0,0,0,-9,-9,.0033172001,.0033172001,1,0,0,0,0,0,0,6.2778835,6.5930448,10.308952,0,0,0,0,0,0,0,0,1,0,0,1,0,0,1315.802078,8.416432910999999,7.9888821,0,0,-9,-9,-9,0,0,0,0,1,-7.8052239,0,9.1130924,0,-9,.0029794001,1020.410848,0,1.856298,.58060002,-9,0,1,0,0,1.1312244,0,0
0,3,25000,1927,1925,Lebanon,Druze Revolt,French occupation,660,220,0,1,1,0,0,0,0,0,1,0,1,0,0,0,0,0,,9,,.060311101,1,0,0,1,0,0,0,,6.5930448,10.126631,0,0,1,0,0,0,0,0,0,0,0,0,0,0,,,,,,,,,,,,,0,-4.586113,0,,,9,.060981899,,,,,,,,,,,,
0,3,,1958,1958,Lebanon,leftists,Shamun regime,660,660,0,1,0,1,0,0,0,0,1,0,1,0,0,0,0,0,2,2,.00041420001,.00041420001,1,0,0,0,1,0,0,,5.8861041,,0,0,0,0,0,1,0,0,0,0,0,1,0,,,,6.1633148,0,0,2,2,2,0,0,0,0,1,-10.008847,1,7.4069595,,2,.00041420001,,0,4.0621657,.77990001,2,1,0,0,0,,0,0
0,3,25000,1975,1975,Lebanon,leftists,Lebanese government,660,660,0,1,0,1,0,0,0,0,1,0,1,0,0,0,0,0,5,5,.0005274,.0005274,1,1,0,0,1,0,0,,5.8861041,10.126631,0,0,0,0,0,0,0,1,0,0,0,1,0,0,,,6.5624442,0,1,0,0,,-5,-5,-5,0,1,-10.824792,0,8.0022154,0,5,.0005274,,0,4.0621657,.77990001,5,1,0,0,0,1.2654784,,0
0,5,3000,2000,1982,Lebanon,Hizballah,Israeli occupation of Southern Lebanon,660,666,0,1,1,0,0,0,1,0,0,0,1,0,0,0,0,0,,10,.0040111002,.00086079998,1,1,0,1,1,0,1,9.5318422,8.7902689,8.0063677,0,0,0,0,0,0,0,0,0,0,1,0,0,0,6121.780632,3.411969302,6.877296,0,1,,,,,,,,0,,0,8.1686449,0,9,.0032756999,,1,4.0621657,.77990001,0,1,0,0,0,.98013413,,0
0,5,1000000,2005,2005,Lebanon,Cedar Revolution,Syrian forces,660,652,1,0,1,0,0,0,1,0,0,0,1,0,0,0,0,0,,,,,1,1,0,0,1,0,,,4.0943446,13.815511,0,0,0,0,0,0,0,0,0,0,1,0,1,13.815511,,,,1,1,,7,,,,,,0,,0,8.2337399,1.6779144,-7,,,,,,,,,,,1.6779144,,0
0,3,20000,1970,1970,Jordan,Palestinian activists,Jordanian rule,663,663,0,1,0,0,0,1,0,0,1,0,1,0,0,0,0,0,-9,-9,.00075830001,.00075830001,1,1,0,1,1,0,0,,5.8861041,9.9034872,0,0,0,0,0,0,0,1,0,0,0,1,0,0,1166.411049,-1.561969907,6.4297194,0,0,-10,-9,-10,-1,0,-1,0,1,-9.2083426,0,7.2817574,0,-9,.00075830001,1166.411049,0,2.7212954,.509175,-9,0,1,0,0,1.3600408,0,0
0,5,1500,1948,1945,Palestinian Territories,Jewish resistance,British occupation,665,200,0,1,1,0,0,0,1,0,0,0,1,0,0,0,0,0,10,10,,.091218203,0,1,1,0,0,0,0,,6.9985094,7.3132205,0,0,0,0,1,0,0,0,0,0,0,0,0,0,,,,,,,,10,,,,,0,,0,,,10,.083234102,,,,,,,,,,,1,
1,3,4500,2006,1973,Palestinian Territories,Palestinian Liberation,Israeli occupation,665,666,0,1,0,0,1,0,0,0,1,1,1,0,0,0,0,0,,,,,1,1,1,1,1,1,,,9.4262581,8.4118328,0,0,0,0,0,0,0,0,0,0,1,0,0,0,,,,,,,,,,,,,0,,0,,,9,.0023548,,,,,,,,,,,,
1,4,150000,1990,1987,Palestine,Intifada,Israeli occupation,665,666,1,0,1,0,0,0,0,1,0,0,1,0,0,0,0,0,9,9,.0030876,.0030876,1,1,0,0,1,1,0,7.9239569,6.9985094,11.91839,0,0,0,0,0,0,0,0,0,1,0,1,0,11.91839,,,,,,,,9,,,,,0,-11.711369,0,8.3765602,1.4228263,9,.0028121001,,,,,,,,,,1.4228263,1,
0,4,15000,1939,1936,Palestine,Palestinian Arab Revolt,Pro-Jewish British policies,666,200,0,1,0,0,1,0,0,1,0,0,1,0,0,0,0,0,,10,,.077786997,0,1,1,0,0,0,0,,6.9985094,9.6158056,0,0,0,1,0,0,0,0,0,0,0,0,0,0,,,,,,,,,,,,,0,,0,,,10,.074027501,,,,,,,,,,,,
0,4,,1982,1981,Israel,Druze resistance,Israeli occupation of Golan,666,666,1,0,1,0,0,0,0,1,0,0,1,0,0,0,0,0,9,9,.0032756999,.0032756999,1,1,1,0,1,1,0,7.6470699,6.3080983,,0,0,0,0,0,0,0,0,1,0,0,1,0,,8194.586176999999,3.493047732,7.4436636,0,1,9,9,9,0,0,0,0,0,-7.5114274,1,8.2431087,,9,.0032114999,7333.944309,0,.9932518,.52553296,9,0,0,1,0,,1,0
0,3,60000,1930,1929,Saudi Arabia,Ikhwan rebellion,Ibn Saud regime,670,670,0,1,0,1,0,0,0,0,1,0,1,0,0,0,0,0,-10,-10,.00042619999,.00042619999,1,0,0,0,0,0,0,,6.3080983,11.0021,0,0,0,1,0,0,0,0,0,0,0,0,0,0,,,,,,-10,-10,-10,0,0,0,0,1,,0,,,-10,.00042180001,,,,,-10,1,0,0,0,,0,
0,5,,1948,1948,Yemen Arab Republic,Yahya Family revolt,countercoup,678,678,0,1,0,1,0,0,1,0,0,0,1,0,0,0,0,0,,,.00057710003,.00057710003,0,0,0,0,0,0,,,5.8861041,,0,0,0,0,1,0,0,0,0,0,0,0,0,,,,,0,0,-6,-6,-6,1,1,1,,0,-9.2043581,1,,,-7,.00057710003,,0,3.3393221,,-7,1,0,0,0,,0,0
0,3,,1957,1955,Yemen,Yemeni insurgency,British and Aden administration,678,678,0,1,0,1,0,0,0,0,1,0,1,0,0,0,0,0,-6,-6,.00046109999,.00046109999,1,0,1,0,0,0,0,,6.5930448,,0,0,0,0,0,1,0,0,0,0,0,1,0,,,,,1,1,-3,-6,0,3,0,0,0,1,,1,8.5904636,,-6,.00046159999,,0,3.3393221,,-6,1,0,0,0,,0,0
0,4,,1969,1962,Yemen Arab Republic,Royalists,al-Sallal regime,678,678,0,1,0,1,0,0,0,1,0,0,1,0,0,0,0,0,-3,-3,.00035260001,.00035260001,1,0,0,1,1,0,3,,7.8458076,,0,0,0,0,0,0,1,0,0,0,0,1,0,,,,4.7273879,0,0,-6,-3,-3,-3,0,0,0,1,,1,8.8333769,,-6,.00024930001,,0,3.3393221,,-6,1,0,0,0,,0,0
0,5,,1967,1963,Yemen,"FLOSY, NLF in Aden",UK occupation,678,200,0,1,1,0,0,0,1,0,0,0,1,0,0,0,0,0,-3,10,.0003283,.035440799,1,1,0,0,0,0,0,6.3259525,7.2861919,,0,0,0,0,0,0,1,0,0,0,0,1,0,,,,4.6539602,0,0,-4,-3,-3,-1,0,0,0,1,,1,8.5904636,,10,.037752301,,1,3.3393221,,0,1,0,0,0,,0,0
1,4,10000,1986,1986,Yemen People's Republic,leftists,Ali Nasir regime,680,680,0,1,0,1,0,0,0,1,0,0,1,0,0,0,0,0,-8,-8,.00040310001,.00040310001,1,0,0,0,0,0,0,,5.8861041,9.2103405,0,0,0,0,0,0,0,0,1,0,0,1,0,0,,,5.6664267,1,1,,-7,-7,,1,1,0,1,-11.564218,0,9.2629261,0,-8,.00040310001,,0,3.3393221,,-8,1,0,0,0,.99432302,0,0
1,4,2000,1976,1964,Oman,Popular Front for the Liberation of Oman and the Arab Gulf (PFLOAG),Oman government,698,698,0,1,0,1,0,0,0,1,0,0,1,0,0,0,0,0,-10,-10,.00041430001,.00041430001,1,0,0,0,0,0,0,,7.8458076,7.6009026,0,0,0,0,0,0,0,1,0,0,0,1,0,0,2276.047161,18.51338419,,0,0,-10,-10,-10,0,0,0,0,1,,0,6.8170424,0,-10,,,,,,-10,,,,,1.1149853,0,0
1,5,2000,1919,1919,Afghanistan,Third Anglo-Afghan War,British occupation,700,200,0,1,1,0,0,0,1,0,0,0,0,0,1,0,0,0,-6,8,,.1427992,1,1,1,0,0,0,0,,4.4998097,7.6009026,0,1,0,0,0,0,0,0,0,0,0,0,0,0,,,,,,-6,-6,-6,0,0,0,0,1,,0,,,8,.1427992,,,,,-6,,,,,,0,
0,3,1000,1929,1924,Afghanistan,Anti-Reformist movement,Amanullah Khan regime,700,700,0,1,0,1,0,0,0,0,1,0,0,0,1,0,0,0,-6,-6,.0030185001,.0030185001,1,1,0,1,0,0,0,,7.509335,6.9077554,0,0,1,0,0,0,0,0,0,0,0,0,0,0,,,,,,-8,-6,-6,-2,0,0,0,1,-6.8639297,0,,,-6,.0026944999,,,,,-6,0,1,0,0,,0,
1,5,,1979,1978,Afghanistan,Afghans,Afghan government,700,700,0,1,0,1,0,0,1,0,0,0,0,0,1,0,0,0,,,.0016176,.0016176,1,1,0,1,1,0,,4.980176,5.8861041,,0,0,0,0,0,0,0,1,0,0,0,1,0,,996.50414,4.075000979,7.1356874,0,0,,,-7,,,,,0,,1,9.6335983,,-7,.0018475,897.5926277999999,0,4.1987047,.75079703,-7,0,1,0,0,,0,0
0,5,10000,1988,1979,Afghanistan,Afghan resistance,Soviet occupation,700,364,0,1,1,0,0,0,1,0,0,0,0,0,1,0,0,0,-7,-7,.0012801,.1725246,1,1,1,1,0,0,0,,8.0971222,9.2103405,0,0,0,0,0,0,0,0,1,0,0,1,0,0,1707.047863,-11.10968757,7.5395589,0,0,-7,,,,,,,1,,0,9.5519018,0,-7,,996.50414,1,4.1987047,.75079703,0,0,1,0,0,.96424156,,0
0,5,20000,1996,1992,Afghanistan,Taliban,Afghan regime,700,700,0,1,0,1,0,0,1,0,0,0,0,0,1,0,0,0,,,.0012323,.0012323,1,1,0,0,0,0,,,7.2861919,9.9034872,0,0,0,0,0,0,0,0,0,1,0,0,1,0,850.1347377,-9.909889832999999,8.0449467,0,0,,-7,-7,,-7,-7,,0,,0,9.9753065,0,-8,.0013328,1566.775759,1,4.1987047,.75079703,-8,0,1,0,0,.9928003,0,0
1,3,1500,2006,2001,Afghanistan,Taliban,Afghan government,700,2,0,1,0,1,0,0,0,0,1,1,0,0,1,0,0,0,,,,,1,1,1,0,1,0,,,7.6916566,7.3132205,0,0,0,0,0,0,0,0,0,0,1,0,1,0,,,,1,1,,,,,,,,0,,0,,,10,.14984161,478.1043497,,,,-7,0,0,1,0,,,0
0,4,16000,1997,1992,Tajikistan,Popular Democratic Army (UTO),Rakhmanov regime,702,702,0,1,0,1,0,0,0,1,0,0,0,0,0,1,0,0,-6,-6,.00038919999,.00038919999,1,1,0,0,1,0,-2,,7.509335,9.6803436,0,0,0,0,0,0,0,0,0,1,0,0,1,0,1294.515838,-9.304286608,6.7557688,0,0,-3,-5,-1,3,1,5,0,1,,0,8.6934862,0,-2,.00047560001,,0,4.4067192,.51343405,-2,1,0,0,0,1.1135169,0,0
0,5,20000,1989,1989,Kyrgyzstan,Kyrgyzstan Democratic Movement,Communist regime,703,703,1,0,0,1,0,0,1,0,0,0,0,0,0,1,0,0,-7,-7,.170064,.170064,1,1,0,0,1,0,0,,5.8861041,9.9034872,0,0,0,0,0,0,0,0,1,0,0,1,0,9.9034872,,,,,,,,-3,,,,,1,,0,8.3531818,1.1855946,,,,,,,,,,,,1.1855946,0,
1,5,20000,2005,2005,Kyrgyzstan,Tulip Revolution,Akayev regime,703,703,1,0,0,1,0,0,1,0,0,0,0,0,0,1,0,0,-3,-3,,,1,1,0,0,0,0,0,,3.0445225,9.9034872,0,0,0,0,0,0,0,0,0,0,1,0,1,9.9034872,,,,1,1,,3,,,6,,0,1,,0,8.5070152,1.1641554,-3,,,,,,-3,,,,,1.1641554,,0
1,3,,1913,1911,China,Republicans,Imperial regime; military dictatorship,710,710,0,1,0,1,0,0,0,0,1,0,0,0,1,0,0,0,-6,-6,.1140283,.1140283,1,0,0,1,0,0,0,,6.5930448,,0,1,0,0,0,0,0,0,0,0,0,0,0,,,,,,,-5,-2,-5,-7,-4,-7,8,1,,1,,,-6,.1364487,,,,,-6,0,0,0,1,,0,
0,4,,1913,1912,Tibet,First War of Independence,Chinese occupation,710,710,0,1,1,0,0,0,0,1,0,0,0,0,1,0,0,0,2,2,.1140283,.1140283,1,1,0,0,0,0,8,,6.5930448,,0,1,0,0,0,0,0,0,0,0,0,0,0,,,,,,,-5,-2,,-7,-4,-7,0,1,,1,,,-2,.1134761,,,,,-2,0,0,0,1,,,
0,4,,1918,1917,China,Yunnan rebellion,Chinese occupation,710,710,0,1,0,0,1,0,0,1,0,0,0,0,1,0,0,0,-5,-5,.1028015,.1028015,1,1,0,0,0,0,0,,6.3080983,,0,1,0,0,0,0,0,0,0,0,0,0,0,,,,,,,-5,-5,-5,0,0,0,0,1,-5.057538,1,,,-5,.083506197,,,,,-5,0,0,0,1,,0,
0,4,5000,1919,1919,China,May the Fourth Movement,Japanese occupation,710,740,1,0,1,0,0,0,0,1,0,0,0,0,1,0,0,0,-5,1,.086177498,.029288201,0,0,0,0,0,0,0,,5.8861041,8.5171928,0,1,0,0,0,0,0,0,0,0,0,0,0,8.5171928,,,,,,-5,-5,-5,0,0,0,0,1,-5.9795752,0,,,1,.029288201,,,,,-5,0,0,0,1,,0,
1,5,1000000,1949,1922,China,Chinese communist movement,Kuomintang regime,710,710,0,1,0,1,0,0,1,0,0,0,0,0,1,0,0,0,-5,-5,.1150552,.1150552,1,0,1,1,0,0,0,,9.7500448,13.815511,0,0,0,0,1,0,0,0,0,0,0,0,0,0,,,10.425223,1,1,-8,-8,-8,-3,-3,-3,0,1,-3.5446854,0,,,-5,.1288543,,,,,-5,0,0,0,1,,0,1
0,5,10000,1940,1931,China,Manchurian guerillas,Japanese occupation,710,740,0,1,1,0,0,0,1,0,0,0,0,0,1,0,0,0,,1,.097051904,.0590574,1,0,1,1,0,1,0,,8.0971222,9.2103405,0,0,0,0,1,0,0,0,0,0,0,0,0,0,,,9.891921,,,-8,,,,,,,0,-3.944598,0,,,1,.039882299,,,,,-5,0,0,0,1,,,
0,3,4500000,1945,1937,China,Chinese rebels,Japanese occupation,710,740,0,1,1,0,0,0,0,0,1,0,0,0,1,0,0,0,,1,.097423397,.067079298,1,0,1,1,1,1,0,,7.9793391,15.319588,0,0,0,0,1,0,0,0,0,0,0,0,0,0,,,10.140613,,,-8,,-8,,,,,0,-4.0315499,0,,,1,.046316799,,,,,-5,0,0,0,1,,0,
0,3,30000,1947,1947,China,Taiwanese Revolt,Chinese occupation,710,710,0,1,0,0,1,0,0,0,1,0,0,0,1,0,0,0,,,.1327105,.1327105,1,0,0,0,0,0,,,5.8861041,10.308952,0,0,0,0,1,0,0,0,0,0,0,0,0,0,,,10.271631,1,1,-8,-5,-8,-3,0,-3,,0,-3.3442378,0,,,-5,.1327105,,1,3.6480575,.15359998,-5,0,0,0,1,,0,0
0,3,8500,1951,1950,Tibet,Sino-Tibeten war,Chinese occupation,710,710,0,1,1,0,0,0,0,0,1,0,0,0,1,0,0,0,-8,-8,.1036244,.1036244,1,0,1,0,0,0,-3,,6.5930448,9.047821,0,0,0,0,0,1,0,0,0,0,0,1,0,0,,,10.54442,1,1,-8,-8,-8,0,0,0,0,1,,0,,,-8,.1040504,,1,3.6480575,.15359998,-8,0,0,0,1,,0,0
0,3,22500,1959,1956,China,Tibetan resistance,Chinese occupation,710,710,0,1,1,0,0,0,0,0,1,0,0,0,1,0,0,0,-8,-8,.1085455,.1085455,1,0,1,0,0,0,0,3.3032169,6.9985094,10.021271,0,0,0,0,0,1,0,0,0,0,0,1,0,0,90.61121399,10.79586091,10.781307,0,0,-9,-8,-8,-1,0,0,0,1,-4.062788,0,13.379642,0,-8,.091344498,67.26908234,0,3.6480575,.15359998,-8,0,0,0,1,.74899393,0,0
0,3,550000,1957,1956,China,Hundred Flowers Movement,Communist regime,710,710,1,0,0,1,0,0,0,0,1,0,0,0,1,0,0,0,-8,-8,.098182403,.098182403,1,0,0,0,0,0,0,2.4248025,5.8861041,13.217673,0,0,0,0,0,1,0,0,0,0,0,1,0,13.217673,74.70991336,8.917500457999999,10.57247,1,1,-9,-8,-8,-1,0,0,0,1,-6.3291745,0,13.33608,.99112135,-8,.091344498,67.26908234,0,3.6480575,.15359998,-8,0,0,0,1,.99112135,0,0
0,3,1000000,1968,1967,China,Red Guard,anti-Maoists,710,710,0,1,0,0,0,1,0,0,1,0,0,0,1,0,0,0,-9,-9,.1059152,.1059152,0,1,0,0,0,0,-1,2.8326249,6.5930448,13.815511,0,0,0,0,0,0,1,0,0,0,0,1,0,0,109.5438043,-5.800826257,11.466253,0,0,-7,-9,-8,2,0,1,0,1,,0,13.534897,0,-9,.109982,112.6861565,0,3.6480575,.15359998,-9,0,0,0,1,1.0207326,0,0
0,3,100000,1979,1976,China,Democracy Movement,Communist regime,710,710,1,0,0,1,0,0,0,0,1,0,0,0,1,0,0,0,-7,-7,.1191015,.1191015,1,0,1,0,0,0,1,4.9677973,6.9985094,11.512925,0,0,0,0,0,0,0,1,0,0,0,1,0,11.512925,323.967392,8.879856993000001,11.689313,0,0,-7,-7,-7,0,0,0,0,1,-4.8364463,0,13.773475,.83587658,-8,.1169316,230.0995959,0,3.6480575,.15359998,-8,0,0,0,1,.83587658,0,0
0,3,10000,1989,1987,Tibet,,Chinese occupation,710,710,1,0,1,0,0,0,0,0,1,0,0,0,1,0,0,0,-7,-7,.1096336,.1096336,1,0,0,0,1,0,0,6.0054908,6.3080983,9.2103405,0,0,0,0,0,0,0,0,1,0,0,1,0,9.2103405,1176.58146,5.434399337,12.01785,0,0,-7,-7,-7,0,0,0,0,1,,0,,,-7,.1109366,966.2538968,0,3.6480575,.15359998,-7,0,0,0,1,,0,0
0,3,1000000,1989,1989,China,,Communist regime,710,710,1,0,0,1,0,0,0,0,1,0,0,0,1,0,0,0,-7,-7,.1096336,.1096336,1,0,0,0,0,1,0,5.3486776,5.8861041,13.815511,0,0,0,0,0,0,0,0,1,0,0,1,0,13.815511,1176.58146,5.434399337,12.01785,0,0,-7,-7,-7,0,0,0,0,1,,0,13.916239,.99276185,-7,.1096336,1176.58146,0,3.6480575,.15359998,-7,0,0,0,1,.99276185,0,0
0,4,7000,1990,1989,Mongolia,,Communist regime,712,712,1,0,0,1,0,0,0,1,0,0,0,0,1,0,0,0,-7,-7,.00043809999,.00043809999,1,0,0,0,1,0,0,5.798274,5.9053617,8.8536654,0,0,0,0,0,0,0,0,0,1,0,1,0,8.8536654,1417.54013,-.086629838,6.3062754,0,0,10,2,9,17,9,16,0,1,,0,7.6774745,1.1532003,-7,.00042669999,1322.323168,0,3.6189933,.27177495,-7,1,0,0,0,1.1532003,1,0
0,4,,1985,1979,Taiwan,,autocratic regime,713,713,1,0,0,1,0,0,0,1,0,0,0,0,1,0,0,0,-7,-7,.0071208999,.0071208999,1,0,0,0,0,0,0,8.1278152,7.6916566,,0,0,0,0,0,0,0,0,1,0,0,1,0,,5257.846823,9.039277557,9.157361,0,0,7,-7,-1,14,0,6,0,1,-6.8496752,1,9.8565712,,-7,.0069248001,2568.889777,0,3.8628328,.27440006,-7,0,0,1,0,,0,0
1,5,100000,1960,1960,South Korea,Student Revolution,Rhee regime,732,732,1,0,0,1,0,0,1,0,0,0,0,0,1,0,0,0,-4,-4,.0094125997,.0094125997,0,0,0,0,1,0,0,2.3627386,5.8861041,11.512925,0,0,0,0,0,0,1,0,0,0,0,1,0,11.512925,305.6554085,-1.595173144,8.5963736,0,0,3,8,3,7,12,7,0,1,-7.5263529,0,10.096996,1.1402327,-4,.0094125997,305.6554085,0,2.2925348,.003995955,-4,0,0,1,0,1.1402327,0,0
0,3,100000,1980,1979,South Korea,,military junta,732,732,1,0,0,1,0,0,0,0,1,0,0,0,1,0,0,0,-8,-8,.0120345,.0120345,1,1,0,0,0,0,0,6.8380299,5.8861041,11.512925,0,0,0,0,0,0,0,0,1,0,0,1,0,11.512925,2490.285616,7.383466318,9.9001322,0,0,6,-8,-5,14,0,3,0,1,-6.3516316,0,10.534025,1.0929275,-8,.0110782,2162.48851,0,2.2925348,.003995955,-8,0,0,0,1,1.0929275,0,0
0,4,,1987,1987,South Korea,,Mil govt,732,732,1,0,0,1,0,0,0,1,0,0,0,0,1,0,0,0,-5,-5,.0154194,.0154194,1,0,0,0,0,0,0,6.96626,5.8861041,,0,0,0,0,0,0,0,0,1,0,0,1,0,,5270.00683,8.92348982,10.180058,0,0,6,1,6,11,6,11,0,1,-8.1238012,1,10.627556,,-5,.0154194,5270.00683,0,2.2925348,.003995955,-5,0,0,0,1,,0,0
0,4,200000,1945,1919,India,,British rule,750,200,1,0,1,0,0,0,0,1,0,0,0,0,1,0,0,0,,10,,.083234102,1,0,1,0,0,0,2,,9.1579943,12.206073,0,0,0,0,1,0,0,0,0,0,0,0,0,12.206073,,,,,,,,9,,,,,0,,0,,,8,.1427992,,,,,,,,,,,1,
0,3,10000,1922,1921,India,Moplah Rebellion,local Hindu leaders,750,750,0,1,0,1,0,0,0,0,1,0,0,0,1,0,0,0,,,,,1,1,0,0,1,0,,,6.3080983,9.2103405,0,0,1,0,0,0,0,0,0,0,0,0,0,0,,,,,,,,,,,,,0,,0,,,,,,,,,,,,,,,,
0,3,,1948,1948,India,Hyderabad activists,Indian annexation,750,750,0,1,0,0,1,0,0,0,1,0,0,0,1,0,0,0,,,.052838098,.052838098,1,0,1,0,0,0,,,1.3862944,,0,0,0,0,1,0,0,0,0,0,0,0,0,,,,,0,1,,,9,,,,,0,,1,,,,,,0,2.6318889,.81098861,,,,,,,1,0
0,3,2500,1964,1955,India,Naga Rebellion,Indian occupation,750,750,0,1,0,0,1,0,0,0,1,0,0,0,1,0,0,0,9,9,.0515889,.0515889,1,1,1,0,0,0,0,4.3010879,8.0971222,7.8240461,0,0,0,0,0,0,1,0,0,0,0,1,0,0,212.7847331,6.195846968,10.556412,1,1,9,9,9,0,0,0,0,0,-5.3545065,0,13.0695,0,9,.0464954,149.1365144,1,2.6318889,.81098861,9,0,0,0,1,.5986492,1,0
0,4,2500,1986,1966,India,Mizo Revolt,Indian occupation,750,750,0,1,0,0,1,0,0,1,0,0,0,0,1,0,0,0,8,8,.056113899,.056113999,1,1,0,1,0,0,-1,6.6032391,8.8818359,7.8240461,0,0,0,0,0,0,0,0,1,0,0,1,0,0,1092.105678,4.217117207,11.45088,1,1,9,8,8,1,0,0,0,0,-5.3981156,0,13.502207,0,9,.0521699,222.1755057,1,2.6318889,.81098861,9,0,0,0,1,.57946426,1,0
0,3,2000,1971,1967,India,Naxalite rebellion,Indian regime,750,750,0,1,0,1,0,0,0,0,1,0,0,0,1,0,0,0,9,9,.052331701,.052331701,1,1,0,0,0,0,0,4.4642973,7.2861919,7.6009026,0,0,0,0,0,0,0,1,0,0,0,1,0,0,312.8594311,-.061731593,10.670535,0,1,8,9,7,-1,0,-2,0,0,-7.5424423,0,13.226801,0,9,.052190099,223.3992122,1,2.6318889,.81098861,9,0,0,0,1,.57465917,1,0
0,3,3000,1994,1984,India,Sikh insurgency,separatism,750,750,0,1,0,0,1,0,0,0,1,0,0,0,1,0,0,0,8,8,.063551702,.063551702,1,1,0,0,0,0,0,6.828301,8.2024822,8.0063677,0,0,0,0,0,0,0,0,0,1,0,0,0,0,1740.730599,1.804326598,11.757689,0,1,9,8,9,1,0,1,0,0,-4.4663911,0,13.69817,0,8,.054496799,950.2638721,2,2.6318889,.81098861,8,0,0,0,1,.58448446,1,0
0,3,5000,2006,1988,India,Kashmiri Muslim separatists,Indian occupation,750,750,0,1,0,0,1,0,0,0,1,1,0,0,1,0,0,0,,,,,1,1,0,1,0,0,,,8.8443365,8.5171928,0,0,0,0,0,0,0,0,0,0,1,0,0,0,,,,1,1,,9,,,0,,,0,,0,,,8,.0576666,1248.074235,2,2.6318889,.81098861,8,0,0,0,1,,,0
0,4,3000,1969,1968,Pakistan,,Khan regime,769,769,1,0,0,1,0,0,0,1,0,0,0,0,1,0,0,0,1,1,.011219,.011219,1,1,0,0,0,0,0,3.9136214,4.7874918,8.0063677,0,0,0,0,0,0,1,0,0,0,0,1,0,8.0063677,,,,,,,1,8,,0,,0,1,-8.0228014,0,11.039435,.72525156,1,,,,,,1,,,,,.72525156,1,
1,5,90000,1971,1971,Pakistan,Bengalis,Pakistani rule,770,770,0,1,0,0,1,0,1,0,0,0,0,0,1,0,0,0,,,.0114987,.0114987,1,1,1,1,0,0,,4.1991549,5.8861041,11.407565,0,0,0,0,0,0,0,1,0,0,0,1,0,0,,,,1,1,,,8,,,,,0,-8.5027981,0,11.092945,0,,,358.5252966,0,3.7841897,.53209996,,,,,,1.0283622,1,0
0,3,7000,1977,1973,Pakistan,Baluchi rebels,Pakistani rule,770,770,0,1,0,0,1,0,0,0,1,0,0,0,1,0,0,0,8,8,.0099796997,.0099796997,1,0,1,0,1,0,8,5.4124494,7.2861919,8.8536654,0,0,0,0,0,0,0,1,0,0,0,1,0,0,582.7069901,1.078384811,9.4329233,0,0,-4,-7,-7,-12,-15,-15,0,0,,0,11.244473,0,4,.0081203002,397.8011359,0,3.7841897,.53209996,4,0,0,1,0,.78737932,0,0
0,3,50000,1983,1983,Pakistan,pro-dem movement,Zia al-Huq,770,770,1,0,0,1,0,0,0,0,1,0,0,0,1,0,0,0,-7,-7,.0103078,.0103078,1,1,0,0,1,0,0,5.315568,5.8861041,10.819778,0,0,0,0,0,0,0,0,1,0,0,1,0,10.819778,1120.040598,4.205851531,9.6407585,0,1,8,-7,8,15,0,3,0,1,-7.5727048,0,11.421438,.94732189,-7,.0103078,1120.040598,0,3.7841897,.53209996,-7,0,0,0,1,.94732189,1,0
0,3,3000,1995,1994,Pakistan,Mohajir,Pakistani government,770,770,0,1,0,1,0,0,0,0,1,0,0,0,1,0,0,0,8,8,.0126055,.0126055,1,1,0,0,0,0,0,5.1506872,6.3080983,8.0063677,0,0,0,0,0,0,0,0,0,1,0,0,1,0,2184.513644,2.870335283,10.097284,0,1,-5,8,,-13,0,-14,0,0,-6.240644,0,11.726889,0,8,.0123377,2063.921765,1,3.7841897,.53209996,8,0,0,0,1,.68273586,,0
0,3,2000,1997,1976,Bangladesh,Shanti Bahini,Autonomy from Bangladesh regime,771,771,0,1,0,0,1,0,0,0,1,0,0,0,1,0,0,0,6,6,.0064500999,.0064500002,1,1,0,0,0,0,-2,7.0989952,8.9444199,7.6009026,0,0,0,0,0,0,0,0,0,1,0,0,0,0,1634.452595,6.085357678,9.5950584,0,0,6,6,6,0,0,0,0,1,-6.6018157,0,11.705109,0,-7,.0048513999,491.175614,0,0,.22334999,-7,0,0,1,0,.64936626,0,0
0,4,1000,1990,1989,Bangladesh,,Military rule,771,771,1,0,0,1,0,0,0,1,0,0,0,0,1,0,0,0,-5,-5,.0058644,.0058644,0,1,0,0,0,0,0,5.4511242,5.9053617,6.9077554,0,0,0,0,0,0,0,0,0,1,0,1,0,6.9077554,1227.989274,2.831052941,9.3029194,0,0,6,-5,6,11,0,11,0,1,-9.811821,0,11.588093,.59610802,-5,.0058284998,1150.823348,1,0,.22334999,-5,0,0,1,0,.59610802,0,0
0,3,11000,1932,1930,Burma,Saya San's rebellion,British occupation,775,200,0,1,1,0,0,0,0,0,1,0,0,0,1,0,0,0,,10,,.078214198,1,0,0,0,0,0,0,,6.3080983,9.3056507,0,0,0,1,0,0,0,0,0,0,0,0,0,0,,,,,,,,,,,,,0,,0,,,10,.081035301,,,,,,,,,,,,
0,3,10000,2006,1948,Burma,Karens,Burmese government,775,775,0,1,0,0,1,0,0,0,1,1,0,0,1,0,0,0,,,,,1,0,0,0,1,0,,,9.9603405,9.2103405,0,0,0,0,0,0,0,0,0,0,1,0,0,0,,,,1,1,,-8,,,0,,,0,,0,,,,,,,,,,,,,,,,0
0,3,6000,1995,1983,Burma,Kachin rebels,Burmese government,775,775,0,1,0,0,1,0,0,0,1,0,0,0,1,0,0,0,-7,-7,.0049822,.0049822,1,1,0,0,0,0,1,,8.3848038,8.6995144,0,0,0,0,0,0,0,0,0,1,0,0,0,0,,,8.8420267,1,1,-8,-7,-7,-1,0,0,0,1,-7.2988739,0,,,-8,.0036181,,1,3.6000483,.52150899,-8,0,0,1,0,,0,1
0,3,1000000,1988,1988,Burma,pro-dem movement,military junta,775,775,1,0,0,1,0,0,0,0,1,0,0,0,1,0,0,0,-8,-8,.0034177001,.0034177001,1,1,0,0,1,1,0,,5.8861041,13.815511,0,0,0,0,0,0,0,0,1,0,0,1,0,11.91839,,,8.6777802,1,1,-7,-6,-7,1,2,1,0,1,,0,,,-8,.0034177001,,1,3.6000483,.52150899,-8,0,0,1,0,,0,0
0,3,2100,1971,1971,Sri Lanka,JVP,Sri Lankan government,780,780,0,1,0,1,0,0,0,0,1,0,0,0,1,0,0,0,8,8,.00094890001,.00094890001,1,0,0,0,1,0,1,4.2453475,4.4886365,7.6496925,0,0,0,0,0,0,0,1,0,0,0,1,0,0,436.9724703,6.497801606,6.6554403,0,0,6,8,8,-2,0,0,0,0,-9.1408138,0,9.4360027,0,8,.00094890001,436.9724703,0,2.1162555,.42847097,8,0,1,0,0,.81069207,1,0
0,3,6000,2006,1972,Sri Lanka,LTTE,Sri Lankan occupation,780,780,0,1,0,0,1,0,0,0,1,1,0,0,1,0,0,0,,,,,1,1,0,0,1,0,,,9.455245,8.6995144,0,0,0,0,0,0,0,0,0,0,1,0,0,0,,,,1,1,,6,,,1,,,0,,0,,,8,.00095080002,453.3828315,1,2.1162555,.42847097,8,0,1,0,0,,,0
0,4,200000,1990,1989,Nepal,The Stir,Monarchy/Panchayat regime,790,790,1,0,0,1,0,0,0,1,0,0,0,0,1,0,0,0,-2,-2,.0009329,.0009329,1,1,0,0,0,0,0,4.939712,5.9053617,12.206073,0,0,0,0,0,0,0,0,0,1,0,1,0,12.206073,883.866269,3.796629837,5.749393,0,1,6,5,5,8,7,7,0,1,-9.2958984,0,9.8439102,1.2399619,-2,.00092600001,822.9555432,0,4.3134799,.676678,-2,0,1,0,0,1.2399619,0,0
0,3,5000,2006,1996,Nepal,CPN-M/UPF,Nepalese government,790,790,0,1,0,1,0,0,0,0,1,1,0,0,1,0,0,0,,,,,1,1,0,0,0,0,,,8.2977924,8.5171928,0,0,0,0,0,0,0,0,0,0,1,0,1,0,,,,1,1,,6,,,12,,,0,,0,,,5,.0010892,1182.29415,0,4.3134799,.676678,5,0,1,0,0,,,0
0,4,300000,2006,2006,Nepal,,Nepalese govt; martial law,790,790,1,0,0,1,0,0,0,1,0,0,0,0,1,0,0,0,-6,-6,,,1,1,0,0,0,0,0,,2.9444389,12.611538,0,0,0,0,0,0,0,0,0,0,1,0,1,12.611538,,,,1,1,,6,,,12,,0,1,,0,,,-6,,,,,,-6,,,,,,,0
0,3,7000,1973,1970,Thailand,communist rebels,Thai government,800,800,0,1,0,1,0,0,0,0,1,0,0,0,1,0,0,0,-7,-7,.0042597,.0042597,1,1,0,1,1,0,0,5.268425,6.9985094,8.8536654,0,0,0,0,0,0,0,1,0,0,0,1,0,0,608.3260625,-1.124158573,7.8220439,1,1,2,-2,,9,5,5,0,1,-7.1949043,0,9.6003113,0,2,.0036538001,504.1394024,0,1.856298,.43137497,2,0,0,1,0,.92222691,,1
0,5,250000,1973,1973,Thailand,student protests,military dictatorship,800,800,1,0,0,1,0,0,1,0,0,0,0,0,1,0,0,0,-7,-7,.0042597,.0042597,1,1,0,0,0,0,-9,3.9543166,5.8861041,12.429216,0,0,0,0,0,0,0,1,0,0,0,1,0,12.429216,608.3260625,-1.124158573,7.8220439,1,1,2,-2,,9,5,5,0,1,-7.4087958,0,9.6003113,1.2946681,-7,.0042597,608.3260625,0,1.856298,.43137497,-7,0,0,1,0,1.2946681,,1
0,4,200000,1992,1992,Thailand,pro-dem movement,Suchinda regime,800,800,1,0,0,1,0,0,0,1,0,0,0,0,1,0,0,0,-1,-1,.0060337,.0060337,1,0,0,0,0,0,-4,6.9516859,3.9889841,12.206073,0,0,0,0,0,0,0,0,0,1,0,0,1,12.206073,4698.898245,7.431881546,8.9616222,0,0,9,9,9,10,10,10,0,1,-7.2775159,0,10.180211,1.199,-1,.0060337,4698.898245,0,1.856298,.43137497,-1,0,0,1,0,1.199,1,0
1,5,100000,2006,2005,Thailand,,Thaksin regime,800,800,1,0,0,1,0,0,1,0,0,0,0,0,1,0,0,0,,,,,1,0,0,0,0,0,,,5.187386,11.512925,0,0,0,0,0,0,0,0,0,0,1,0,1,11.512925,,,,1,1,,-5,,,-14,,,0,,0,,,9,,,,,,9,,,,,,,0
1,5,60000,1975,1970,Cambodia,Khmer Rouge,Cambodian government,811,811,0,1,0,1,0,0,1,0,0,0,0,0,1,0,0,0,,,.0018195,.0018195,1,1,1,1,1,1,,,7.509335,11.0021,0,0,0,0,0,0,0,1,0,0,0,1,0,0,262.8367207,-6.538794453,5.9964519,1,1,,0,,,5,,,0,-7.2221923,0,10.037786,0,-9,.001027,,0,.69314718,.18625003,-9,0,1,0,0,1.0960684,,0
0,3,30000,1997,1978,Cambodia,Khmer Rouge,Cambodian government,811,811,0,1,0,1,0,0,0,0,1,0,0,0,1,0,0,0,1,1,.001073,.001073,1,1,1,1,1,1,1,5.2232165,8.9444199,10.308952,0,0,0,0,0,0,0,0,0,1,0,0,0,0,464.7864534,4.161655406,7.7169061,0,0,2,-7,2,1,-8,1,0,1,,0,10.308392,0,-7,.00099099998,260.9597435,0,.69314718,.18625003,-7,0,1,0,0,1.0000544,0,0
0,5,48000,1975,1960,Laos,Pathet Lao,Laotian government,812,812,0,1,0,1,0,0,1,0,0,0,0,0,1,0,0,0,,,.00058220001,.00058220001,1,1,0,1,1,1,,,8.4648466,10.778956,0,0,0,0,0,0,0,1,0,0,0,1,0,0,340.0064276,-.269378927,5.220356,0,0,-7,-7,-7,-2,-2,-2,,0,-8.5052643,0,8.0366936,0,8,.0004277,,0,3.6054978,.48109996,8,1,0,0,0,1.3412178,0,0
1,5,40000,1975,1958,Vietnam,North Vietnam (National Liberation Front),government of South Vietnam,817,817,0,1,0,1,0,0,1,0,0,0,0,0,1,0,0,0,-3,-3,.0080380002,.0080380002,1,0,0,1,1,1,13,,8.7331104,10.596635,0,0,0,0,0,0,0,1,0,0,0,1,0,0,,,8.2610102,1,1,,-3,-7,,0,,0,1,-5.2959204,0,10.755821,0,-3,.0028562001,,0,3.0056827,,-3,0,1,0,0,.98519999,0,
1,5,340000,1975,1958,Vietnam,North Vietnam (National Liberation Front),U.S. occupation,817,2,0,1,1,0,0,0,1,0,0,0,0,0,1,0,0,0,-3,10,.0080375001,.1530192,1,0,0,1,1,1,0,8.3902321,8.7331104,12.736701,0,0,0,0,0,0,0,1,0,0,0,1,0,0,,,8.2610102,1,1,,-3,-7,,0,,0,1,,0,10.755821,0,10,.25514951,,0,3.0056827,,-3,0,1,0,0,1.1841681,0,
0,5,6000,1954,1945,Vietnam,Indochina revolt,French occupation,818,220,0,1,1,0,0,0,1,0,0,0,0,0,1,0,0,0,,10,,.03176,1,0,0,0,0,0,0,,8.0971222,8.6995144,0,0,0,0,0,1,0,0,0,0,0,0,0,0,,,,,,,,-3,,,,,0,,0,10.19332,0,-3,.0182324,,,,,,,,,,.85345244,0,
0,4,4000,1960,1948,Malaysia,Malayan Emergency,British occupation,820,200,0,1,1,0,0,0,0,1,0,0,0,0,1,0,0,0,10,10,.0014610999,.0420895,1,0,1,0,0,0,0,,8.3848038,8.2940493,0,0,0,0,0,0,1,0,0,0,0,0,0,0,396.9091634,7.295204442,7.4000096,1,1,1,10,10,-9,0,0,0,0,,0,9.0113659,0,10,.091218203,,,,,,,,,,.92039865,1,0
0,3,100000,1902,1899,Philippines,Filipino nationalists,U.S. occupation,840,2,0,1,1,0,0,0,0,0,1,0,0,0,1,0,0,0,,10,,.2026186,1,0,1,0,0,0,0,,6.9985094,11.512925,1,0,0,0,0,0,0,0,0,0,0,0,0,0,,,,,,,,,,,,,0,-3.3662281,0,,,,,,,,,,,,,,,,
0,3,70000,1945,1941,Philippines,Philippines Malayan insurgency,Japanese occupation,840,740,0,1,1,0,0,0,0,0,1,0,0,0,1,0,0,0,,1,,.067079298,1,0,1,1,1,1,0,,7.2861919,11.156251,0,0,0,0,1,0,0,0,0,0,0,0,0,0,,,,,,5,2,,3,0,0,,0,-4.828464,0,,,1,.0507177,,,,,5,,,,,,,
1,3,15000,1954,1946,Philippines,Hukbalahap Rebellion,Filipino government,840,840,0,1,0,1,0,0,0,0,1,0,0,0,1,0,0,0,5,5,.0031278001,.0031278001,1,0,0,0,1,0,,,7.9793391,9.6158056,0,0,0,0,0,1,0,0,0,0,0,0,0,0,328.4285381,3.629116421,7.7341213,0,0,5,5,5,0,0,0,0,1,,0,10.048558,0,2,,,,,,2,,,,,.95693386,0,0
1,3,7000,1980,1970,Philippines,Moro Islamic Liberation Front,Filipino government,840,840,0,1,0,1,0,0,0,0,1,0,0,0,1,0,0,0,-9,-9,.0048231999,.0048231999,1,1,0,1,0,0,-14,6.9298887,8.2024822,8.8536654,0,0,0,0,0,0,0,0,1,0,0,1,0,0,1585.77063,-.0518846,8.8794727,0,0,8,-9,-6,17,0,3,0,1,-6.5504308,0,10.810483,0,2,.0036995001,650.3503859,1,3.1045866,.16075397,2,0,0,1,0,.81898886,0,0
0,3,20000,2006,1972,Philippines,New People's Army,Filipino government,840,840,0,1,0,1,0,0,0,0,1,1,0,0,1,0,0,0,,,,,0,1,0,1,0,0,,,8.8956299,9.9034872,0,0,0,0,0,0,0,0,0,0,1,0,0,0,,,,1,1,,8,,,0,,,0,,0,,,2,.0039889999,732.3783985,1,3.1045866,.16075397,2,0,0,1,0,,,0
1,5,2000000,1983,1986,Philippines,People Power,Ferdinand Marcos,840,840,1,0,0,1,0,0,1,0,0,0,0,0,1,0,0,0,-6,-6,.0049935002,.0049935002,1,1,0,0,1,0,0,,6.9985089,14.508657,0,0,0,0,0,0,0,0,1,0,0,1,0,12.206073,1967.700428,-8.976832358999999,9.4331636,0,1,8,1,8,14,7,14,0,1,-9.1050777,0,10.955847,1.3242844,-6,.0049935002,1967.700428,2,3.1045866,.16075397,-6,0,0,1,0,1.3242844,1,0
1,5,500000,2001,2001,Philippines,Second People Power Movement,Estrada regime,840,840,1,0,0,1,0,0,1,0,0,0,0,0,1,0,0,0,8,8,.0057820999,.0057820999,0,1,0,0,0,0,0,6.378715,4.4998097,13.122363,0,0,0,0,0,0,0,0,0,0,1,0,1,13.122363,3825.615375,10.61874215,9.8230906,0,1,,8,,,0,0,0,0,,0,11.286525,1.1626575,8,.0057820999,3825.615375,,,,8,0,0,1,0,1.1626575,,0
0,5,160000,1949,1945,Indonesia,Indonesian Revolt,Dutch occupation,850,210,0,1,1,0,0,0,1,0,0,0,0,0,1,0,0,0,3,10,,.0083194999,1,1,0,0,0,1,,,7.2861919,11.982929,0,0,0,0,1,0,0,0,0,0,0,0,0,0,,,,1,1,-1,3,0,-4,0,-3,0,1,,0,,,,,,,,,,,,,,,0,1
0,3,5000,1950,1950,Indonesia,Moluccans,Indonesian government,850,850,0,1,0,0,1,0,0,0,1,0,0,0,1,0,0,0,3,3,.0135849,.0135849,0,0,0,0,0,0,1,,5.8861041,8.5171928,0,0,0,0,0,1,0,0,0,0,0,1,0,0,,,8.6531219,1,1,-5,0,0,-8,-3,-3,0,1,,0,,,3,.0135849,,0,2.442347,.76578385,3,0,0,0,1,,0,0
0,3,,1953,1953,Indonesia,Darul Islam,Indonesian government,850,850,0,1,0,1,0,0,0,0,1,0,0,0,1,0,0,0,0,0,.0123393,.0123393,0,1,0,0,0,0,0,,5.8861041,,0,0,0,0,0,1,0,0,0,0,0,1,0,,,,8.6545172,1,1,-5,0,-1,-5,0,-1,0,1,,1,11.355316,,0,.0123393,,0,2.442347,.76578385,0,0,0,0,1,,0,0
1,3,,1960,1956,Indonesia,leftists,Sukarno regime,850,850,0,1,0,1,0,0,0,0,1,0,0,0,1,0,0,0,-5,-5,.01281,.01281,0,0,0,0,0,0,-5,,6.9985094,,0,0,0,0,0,0,1,0,0,0,0,1,0,,,,9.0441675,1,1,-7,-5,-5,-2,0,0,0,1,-7.6612883,1,11.492682,,0,.0119144,,0,2.442347,.76578385,0,0,0,0,1,,0,0
0,3,10000,2006,1964,West Papua,,Indonesian occupation,850,850,1,0,1,0,0,0,0,0,1,1,0,0,1,0,0,0,,,,,1,1,,0,0,0,,,9.6375666,9.2103405,0,0,0,0,0,0,0,0,0,0,1,0,0,9.2103405,,,,1,1,,8,,,0,,,0,,0,,,-5,.0127718,153.7124888,0,2.442347,.76578385,-5,0,0,0,1,,,0
0,3,30000,1977,1974,East Timor,Freitilin,Indonesian occupation,850,850,0,1,1,0,0,0,0,0,1,0,0,0,1,0,0,0,-7,-7,.0122137,.0122137,1,1,0,0,0,0,0,5.6518574,6.9985094,10.308952,0,0,0,0,0,0,0,1,0,0,0,1,0,0,540.7907969,7.454228342,9.6936302,0,0,-7,-7,-7,0,0,0,0,1,,0,,,-7,.012157,348.4609678,1,2.442347,.76578385,-7,0,0,0,1,,0,0
0,5,3500,2005,1976,Indonesia,GAM,Indonesian occupation,850,850,0,1,0,0,1,0,1,0,0,0,0,0,1,0,0,0,8,8,,,1,1,0,1,0,0,15,8.2670918,9.2671928,8.1605186,0,0,0,0,0,0,0,0,0,0,1,0,0,0,4242.072209,-1.393079719,,1,1,,8,,,0,,0,0,,0,12.379339,0,-7,.0120874,488.7858177,2,2.442347,.76578385,-7,0,0,0,1,.65920472,,0
1,5,6000,1999,1988,East Timor,Timorese resistance,Indonesian occupation,850,850,1,0,1,0,0,0,1,0,0,0,0,0,1,0,0,0,-5,-5,.016325001,.016325001,1,0,0,1,0,1,2,7.5829983,5.8861041,8.6995144,0,0,0,0,0,0,0,0,0,1,0,0,0,8.6995144,3634.347365,-9.11864639,10.880779,0,1,,6,6,,11,11,0,1,-7.5975089,0,,,-7,.0130935,1773.851942,2,2.442347,.76578385,-7,0,0,0,1,,0,0
0,5,10000,1998,1997,Indonesia,,Suharto rule,850,850,1,0,0,1,0,0,1,0,0,0,0,0,1,0,0,0,-7,-7,.017301301,.017301301,1,0,0,0,0,0,0,6.5795426,5.9053617,9.2103405,0,0,0,0,0,0,0,0,0,1,0,0,1,9.2103405,3878.243425,1.318473101,10.839346,1,1,8,-5,6,15,2,13,0,1,-6.0215116,0,12.268933,.75070429,-7,.017100601,3669.155326,3,2.442347,.76578385,-7,0,0,0,1,.75070429,0,1
0,3,2000,1998,1988,Papua New Guinea,Bougainville Revolt,Papuan regime,910,910,0,1,0,1,0,0,0,0,1,0,0,0,1,0,0,0,10,10,.0002213,.0002213,1,0,0,0,0,0,0,7.0581388,8.2024822,7.6009026,0,0,0,0,0,0,0,0,0,1,0,0,0,0,3722.109916,-3.454076798,5.3659759,0,1,10,10,10,0,0,0,0,0,-10.501325,0,8.4274874,0,10,.00019399999,2740.10806,0,3.6000483,1,10,1,0,0,0,.90191799,1,0
